{"ntrials_completed":2000,"chunk4":50000,"S4_bar":0.7482181610349937,"lambda_x":0.4,"S2_bar":0.788145176027438,"L":8,"lambda_zz":0.6,"cutoff":1.0e-12,"out_prefix":"L8_lam0.4_s3","binder_mean_of_trials":0.5855748775253999,"ntrials":2000,"binder":0.5984916817795212,"lambda":0.4,"maxdim":256,"sample":3,"seed":1246,"binder_std_of_trials":0.08528979863639624}