{"ntrials_completed":2000,"chunk4":50000,"S4_bar":0.5347905321782452,"lambda_x":0.51,"S2_bar":0.6027010189577707,"L":8,"lambda_zz":0.49,"cutoff":1.0e-12,"out_prefix":"L8_lam0.51_s1","binder_mean_of_trials":0.4961346628927506,"ntrials":2000,"binder":0.5092519259719251,"lambda":0.51,"maxdim":256,"sample":1,"seed":1262,"binder_std_of_trials":0.08753129336665517}