{"ntrials_completed":2000,"chunk4":50000,"S4_bar":0.5402361968093342,"lambda_x":0.51,"S2_bar":0.6072263991834238,"L":8,"lambda_zz":0.49,"cutoff":1.0e-12,"out_prefix":"L8_lam0.51_s2","binder_mean_of_trials":0.4986039829809119,"ntrials":2000,"binder":0.5116163277303707,"lambda":0.51,"maxdim":256,"sample":2,"seed":1263,"binder_std_of_trials":0.08671303470492989}