{"ntrials_completed":2000,"chunk4":50000,"S4_bar":0.7457738960678103,"lambda_x":0.4,"S2_bar":0.7854730468432007,"L":8,"lambda_zz":0.6,"cutoff":1.0e-12,"out_prefix":"L8_lam0.4_s2","binder_mean_of_trials":0.5834325345317557,"ntrials":2000,"binder":0.5970758029047915,"lambda":0.4,"maxdim":256,"sample":2,"seed":1245,"binder_std_of_trials":0.08776159723248599}