{"ntrials_completed":2000,"chunk4":50000,"S4_bar":0.5871827295792498,"lambda_x":0.48,"S2_bar":0.6478669088064218,"L":8,"lambda_zz":0.52,"cutoff":1.0e-12,"out_prefix":"L8_lam0.48_s2","binder_mean_of_trials":0.5189847357999626,"ntrials":2000,"binder":0.5336838864246463,"lambda":0.48,"maxdim":256,"sample":2,"seed":1254,"binder_std_of_trials":0.09163733240620042}