{"ntrials_completed":2000,"chunk4":50000,"S4_bar":0.15527583950697374,"lambda_x":0.8,"S2_bar":0.2549377698308745,"L":8,"lambda_zz":0.2,"cutoff":1.0e-12,"out_prefix":"L8_lam0.8_s2","binder_mean_of_trials":0.20372529094048147,"ntrials":2000,"binder":0.2036311456992289,"lambda":0.8,"maxdim":256,"sample":2,"seed":1281,"binder_std_of_trials":0.014286279325092075}