{"ntrials_completed":2000,"chunk4":50000,"S4_bar":0.4746944516440071,"lambda_x":0.54,"S2_bar":0.5500182974860529,"L":8,"lambda_zz":0.46,"cutoff":1.0e-12,"out_prefix":"L8_lam0.54_s2","binder_mean_of_trials":0.46588603804520745,"ntrials":2000,"binder":0.4769555164721824,"lambda":0.54,"maxdim":256,"sample":2,"seed":1272,"binder_std_of_trials":0.08238551723577044}