{"ntrials_completed":2000,"chunk4":50000,"S4_bar":0.57316548778157,"lambda_x":0.49,"S2_bar":0.6363355001036073,"L":8,"lambda_zz":0.51,"cutoff":1.0e-12,"out_prefix":"L8_lam0.49_s1","binder_mean_of_trials":0.5141615893924834,"ntrials":2000,"binder":0.5281689986763142,"lambda":0.49,"maxdim":256,"sample":1,"seed":1256,"binder_std_of_trials":0.0896496108222498}