{"ntrials_completed":2000,"chunk4":50000,"S4_bar":0.4766424137575882,"lambda_x":0.54,"S2_bar":0.5516311326007817,"L":8,"lambda_zz":0.46,"cutoff":1.0e-12,"out_prefix":"L8_lam0.54_s3","binder_mean_of_trials":0.4663125380811742,"ntrials":2000,"binder":0.4778757154086922,"lambda":0.54,"maxdim":256,"sample":3,"seed":1273,"binder_std_of_trials":0.08385754531611576}