{"ntrials_completed":2000,"chunk4":50000,"S4_bar":0.9102366914911365,"lambda_x":0.3,"S2_bar":0.925372241002771,"L":8,"lambda_zz":0.7,"cutoff":1.0e-12,"out_prefix":"L8_lam0.3_s1","binder_mean_of_trials":0.6400460237286211,"ntrials":2000,"binder":0.6456763443285126,"lambda":0.3,"maxdim":256,"sample":1,"seed":1241,"binder_std_of_trials":0.0564751924234537}