{"ntrials_completed":2000,"chunk4":50000,"S4_bar":0.3699080932735663,"lambda_x":0.6,"S2_bar":0.45678683739170356,"L":8,"lambda_zz":0.4,"cutoff":1.0e-12,"out_prefix":"L8_lam0.6_s3","binder_mean_of_trials":0.4021695122838663,"ntrials":2000,"binder":0.4090572391859668,"lambda":0.6,"maxdim":256,"sample":3,"seed":1276,"binder_std_of_trials":0.06900739890035702}