{"ntrials_completed":2000,"chunk4":50000,"S4_bar":0.11562900787229861,"lambda_x":0.9,"S2_bar":0.213005979560923,"L":8,"lambda_zz":0.1,"cutoff":1.0e-12,"out_prefix":"L8_lam0.9_s1","binder_mean_of_trials":0.15051014075427985,"ntrials":2000,"binder":0.15050279540032607,"lambda":0.9,"maxdim":256,"sample":1,"seed":1283,"binder_std_of_trials":0.001632585695185111}