{"ntrials_completed":2000,"chunk4":50000,"S4_bar":0.4949403795046302,"lambda_x":0.53,"S2_bar":0.5677047672205581,"L":8,"lambda_zz":0.47,"cutoff":1.0e-12,"out_prefix":"L8_lam0.53_s1","binder_mean_of_trials":0.47595032566344436,"ntrials":2000,"binder":0.48809832579721857,"lambda":0.53,"maxdim":256,"sample":1,"seed":1268,"binder_std_of_trials":0.08585188667587441}