{"ntrials_completed":2000,"chunk4":50000,"S4_bar":0.9988520966658391,"lambda_x":0.1,"S2_bar":0.999093128996611,"L":8,"lambda_zz":0.9,"cutoff":1.0e-12,"out_prefix":"L8_lam0.1_s3","binder_mean_of_trials":0.6663764408406969,"ntrials":2000,"binder":0.6664445919772446,"lambda":0.1,"maxdim":256,"sample":3,"seed":1237,"binder_std_of_trials":0.0064824976687974465}