{"ntrials_completed":2000,"chunk4":50000,"S4_bar":0.609959042715247,"lambda_x":0.47,"S2_bar":0.6682820525261282,"L":8,"lambda_zz":0.53,"cutoff":1.0e-12,"out_prefix":"L8_lam0.47_s2","binder_mean_of_trials":0.5308442778490867,"ntrials":2000,"binder":0.544739654312947,"lambda":0.47,"maxdim":256,"sample":2,"seed":1251,"binder_std_of_trials":0.08913225407867634}