{"ntrials_completed":2000,"chunk4":50000,"S4_bar":0.15528975855365582,"lambda_x":0.8,"S2_bar":0.2549507989171079,"L":8,"lambda_zz":0.2,"cutoff":1.0e-12,"out_prefix":"L8_lam0.8_s3","binder_mean_of_trials":0.20372647390976154,"ntrials":2000,"binder":0.20364115956526074,"lambda":0.8,"maxdim":256,"sample":3,"seed":1282,"binder_std_of_trials":0.015523135641534931}