{"ntrials_completed":2000,"chunk4":50000,"S4_bar":0.23630669470179083,"lambda_x":0.7,"S2_bar":0.33423947519149805,"L":8,"lambda_zz":0.3,"cutoff":1.0e-12,"out_prefix":"L8_lam0.7_s3","binder_mean_of_trials":0.2937275201990277,"ntrials":2000,"binder":0.29491854922780747,"lambda":0.7,"maxdim":256,"sample":3,"seed":1279,"binder_std_of_trials":0.040180863476685244}