{"ntrials_completed":2000,"chunk4":50000,"S4_bar":0.36821705017871703,"lambda_x":0.6,"S2_bar":0.4552033117191406,"L":8,"lambda_zz":0.4,"cutoff":1.0e-12,"out_prefix":"L8_lam0.6_s1","binder_mean_of_trials":0.4011702181779473,"ntrials":2000,"binder":0.4076589732761968,"lambda":0.6,"maxdim":256,"sample":1,"seed":1274,"binder_std_of_trials":0.06713955505183802}