{"ntrials_completed":2000,"chunk4":50000,"S4_bar":0.11568533902418697,"lambda_x":0.9,"S2_bar":0.21306836491551223,"L":8,"lambda_zz":0.1,"cutoff":1.0e-12,"out_prefix":"L8_lam0.9_s2","binder_mean_of_trials":0.15059934428376198,"ntrials":2000,"binder":0.15058657118638152,"lambda":0.9,"maxdim":256,"sample":2,"seed":1284,"binder_std_of_trials":0.002227723436858944}