{"ntrials_completed":2000,"chunk4":50000,"S4_bar":0.7504572777712717,"lambda_x":0.4,"S2_bar":0.7897519052404554,"L":8,"lambda_zz":0.6,"cutoff":1.0e-12,"out_prefix":"L8_lam0.4_s1","binder_mean_of_trials":0.586038970656187,"ntrials":2000,"binder":0.5989270666492721,"lambda":0.4,"maxdim":256,"sample":1,"seed":1244,"binder_std_of_trials":0.08504612600280073}