{"ntrials_completed":2000,"chunk4":50000,"S4_bar":0.48940126552412877,"lambda_x":0.53,"S2_bar":0.5628266518102564,"L":8,"lambda_zz":0.47,"cutoff":1.0e-12,"out_prefix":"L8_lam0.53_s3","binder_mean_of_trials":0.4738293428550652,"ntrials":2000,"binder":0.48501506569823294,"lambda":0.53,"maxdim":256,"sample":3,"seed":1270,"binder_std_of_trials":0.08247618045200741}