{"ntrials_completed":2000,"chunk4":50000,"S4_bar":0.5299480900563878,"lambda_x":0.51,"S2_bar":0.598414575922707,"L":8,"lambda_zz":0.49,"cutoff":1.0e-12,"out_prefix":"L8_lam0.51_s3","binder_mean_of_trials":0.4936966554875362,"ntrials":2000,"binder":0.5067038228285261,"lambda":0.51,"maxdim":256,"sample":3,"seed":1264,"binder_std_of_trials":0.08771564914494476}