{"ntrials_completed":2000,"chunk4":50000,"S4_bar":0.5142579544142699,"lambda_x":0.52,"S2_bar":0.5849040163311754,"L":8,"lambda_zz":0.48,"cutoff":1.0e-12,"out_prefix":"L8_lam0.52_s3","binder_mean_of_trials":0.48661158415268346,"ntrials":2000,"binder":0.49893905146142614,"lambda":0.52,"maxdim":256,"sample":3,"seed":1267,"binder_std_of_trials":0.08542473039499851}