{"ntrials_completed":2000,"chunk4":50000,"S4_bar":0.6097010551888452,"lambda_x":0.47,"S2_bar":0.6679733231094894,"L":8,"lambda_zz":0.53,"cutoff":1.0e-12,"out_prefix":"L8_lam0.47_s1","binder_mean_of_trials":0.5300723543476841,"ntrials":2000,"binder":0.5445114594940135,"lambda":0.47,"maxdim":256,"sample":1,"seed":1250,"binder_std_of_trials":0.09093599455075814}