{"ntrials_completed":2000,"chunk4":50000,"S4_bar":0.5116802588075425,"lambda_x":0.52,"S2_bar":0.5825177611942172,"L":8,"lambda_zz":0.48,"cutoff":1.0e-12,"out_prefix":"L8_lam0.52_s1","binder_mean_of_trials":0.48524649199467174,"ntrials":2000,"binder":0.49735766570655227,"lambda":0.52,"maxdim":256,"sample":1,"seed":1265,"binder_std_of_trials":0.0846964282898766}