{"ntrials_completed":2000,"chunk4":50000,"S4_bar":0.5504146243171008,"lambda_x":0.5,"S2_bar":0.6167553790176953,"L":8,"lambda_zz":0.5,"cutoff":1.0e-12,"out_prefix":"L8_lam0.5_s1","binder_mean_of_trials":0.5044330550816328,"ntrials":2000,"binder":0.5176716182299004,"lambda":0.5,"maxdim":256,"sample":1,"seed":1259,"binder_std_of_trials":0.08773884635623565}