{"ntrials_completed":2000,"chunk4":50000,"S4_bar":0.5721201855578654,"lambda_x":0.49,"S2_bar":0.6353342839188819,"L":8,"lambda_zz":0.51,"cutoff":1.0e-12,"out_prefix":"L8_lam0.49_s2","binder_mean_of_trials":0.5139760866573642,"ntrials":2000,"binder":0.5275439296877724,"lambda":0.49,"maxdim":256,"sample":2,"seed":1257,"binder_std_of_trials":0.08863501491553727}