{"ntrials_completed":2000,"chunk4":50000,"S4_bar":0.6302462378957545,"lambda_x":0.46,"S2_bar":0.6859772114556476,"L":8,"lambda_zz":0.54,"cutoff":1.0e-12,"out_prefix":"L8_lam0.46_s2","binder_mean_of_trials":0.5386912446678368,"ntrials":2000,"binder":0.5535532864338351,"lambda":0.46,"maxdim":256,"sample":2,"seed":1248,"binder_std_of_trials":0.09182652191461131}