{"ntrials_completed":2000,"chunk4":50000,"S4_bar":0.6373222104256502,"lambda_x":0.46,"S2_bar":0.6919232548658618,"L":8,"lambda_zz":0.54,"cutoff":1.0e-12,"out_prefix":"L8_lam0.46_s3","binder_mean_of_trials":0.5415720717141471,"ntrials":2000,"binder":0.5562667783816408,"lambda":0.46,"maxdim":256,"sample":3,"seed":1249,"binder_std_of_trials":0.0912433123491377}