{"ntrials_completed":2000,"chunk4":50000,"S4_bar":0.5505092863392094,"lambda_x":0.5,"S2_bar":0.6168205808747452,"L":8,"lambda_zz":0.5,"cutoff":1.0e-12,"out_prefix":"L8_lam0.5_s3","binder_mean_of_trials":0.50385067577444,"ntrials":2000,"binder":0.5176906483917747,"lambda":0.5,"maxdim":256,"sample":3,"seed":1261,"binder_std_of_trials":0.0899765579240453}