{"ntrials_completed":2000,"chunk4":50000,"S4_bar":0.5895020292569589,"lambda_x":0.48,"S2_bar":0.650339159008814,"L":8,"lambda_zz":0.52,"cutoff":1.0e-12,"out_prefix":"L8_lam0.48_s1","binder_mean_of_trials":0.520955705667323,"ntrials":2000,"binder":0.5353946145719384,"lambda":0.48,"maxdim":256,"sample":1,"seed":1253,"binder_std_of_trials":0.09083735103964526}