{"ntrials_completed":2000,"chunk4":50000,"S4_bar":0.9011545325641291,"lambda_x":0.3,"S2_bar":0.9185454098722214,"L":8,"lambda_zz":0.7,"cutoff":1.0e-12,"out_prefix":"L8_lam0.3_s2","binder_mean_of_trials":0.6381821214928347,"ntrials":2000,"binder":0.6439780667228074,"lambda":0.3,"maxdim":256,"sample":2,"seed":1242,"binder_std_of_trials":0.05766577795106262}