{"ntrials_completed":2000,"chunk4":50000,"S4_bar":0.5927661139228636,"lambda_x":0.48,"S2_bar":0.6538863021888024,"L":8,"lambda_zz":0.52,"cutoff":1.0e-12,"out_prefix":"L8_lam0.48_s3","binder_mean_of_trials":0.5240512933775325,"ntrials":2000,"binder":0.537876946151925,"lambda":0.48,"maxdim":256,"sample":3,"seed":1255,"binder_std_of_trials":0.0890459074870151}