{"ntrials_completed":2000,"chunk4":50000,"S4_bar":0.5537883846146902,"lambda_x":0.5,"S2_bar":0.6190086248543327,"L":8,"lambda_zz":0.5,"cutoff":1.0e-12,"out_prefix":"L8_lam0.5_s2","binder_mean_of_trials":0.5050732611562324,"ntrials":2000,"binder":0.5182417204217855,"lambda":0.5,"maxdim":256,"sample":2,"seed":1260,"binder_std_of_trials":0.08737529359468077}