{"ntrials_completed":2000,"chunk4":50000,"S4_bar":0.6346160304632074,"lambda_x":0.46,"S2_bar":0.6897910162940396,"L":8,"lambda_zz":0.54,"cutoff":1.0e-12,"out_prefix":"L8_lam0.46_s1","binder_mean_of_trials":0.5410892483585494,"ntrials":2000,"binder":0.5554150922359906,"lambda":0.46,"maxdim":256,"sample":1,"seed":1247,"binder_std_of_trials":0.09019807927145253}