{"ntrials_completed":2000,"chunk4":50000,"S4_bar":0.23643483456521439,"lambda_x":0.7,"S2_bar":0.3343741295974914,"L":8,"lambda_zz":0.3,"cutoff":1.0e-12,"out_prefix":"L8_lam0.7_s2","binder_mean_of_trials":0.29377181971443006,"ntrials":2000,"binder":0.2951042855100169,"lambda":0.7,"maxdim":256,"sample":2,"seed":1278,"binder_std_of_trials":0.040034741169416646}