{"ntrials_completed":2000,"chunk4":50000,"S4_bar":0.9802092719191371,"lambda_x":0.2,"S2_bar":0.9839837998139308,"L":8,"lambda_zz":0.8,"cutoff":1.0e-12,"out_prefix":"L8_lam0.2_s1","binder_mean_of_trials":0.6616350396780127,"ntrials":2000,"binder":0.6625405029695105,"lambda":0.2,"maxdim":256,"sample":1,"seed":1238,"binder_std_of_trials":0.022432518087066002}