{"ntrials_completed":2000,"chunk4":50000,"S4_bar":0.37183463207167433,"lambda_x":0.6,"S2_bar":0.4586849441712089,"L":8,"lambda_zz":0.4,"cutoff":1.0e-12,"out_prefix":"L8_lam0.6_s2","binder_mean_of_trials":0.4042445564323866,"ntrials":2000,"binder":0.4108856362234693,"lambda":0.6,"maxdim":256,"sample":2,"seed":1275,"binder_std_of_trials":0.06846854857556818}