{"ntrials_completed":2000,"chunk4":50000,"S4_bar":0.999233000349454,"lambda_x":0.1,"S2_bar":0.9994003579209498,"L":8,"lambda_zz":0.9,"cutoff":1.0e-12,"out_prefix":"L8_lam0.1_s2","binder_mean_of_trials":0.6665148445810903,"ntrials":2000,"binder":0.6665225188653463,"lambda":0.1,"maxdim":256,"sample":2,"seed":1236,"binder_std_of_trials":0.001761005925932339}