{"ntrials_completed":2000,"chunk4":50000,"S4_bar":0.47807941961685135,"lambda_x":0.54,"S2_bar":0.552969743926255,"L":8,"lambda_zz":0.46,"cutoff":1.0e-12,"out_prefix":"L8_lam0.54_s1","binder_mean_of_trials":0.46774424685449234,"ntrials":2000,"binder":0.47883402400746866,"lambda":0.54,"maxdim":256,"sample":1,"seed":1271,"binder_std_of_trials":0.08175663775506717}