{"ntrials_completed":2000,"chunk4":50000,"S4_bar":0.11562698241522974,"lambda_x":0.9,"S2_bar":0.21300321603381694,"L":8,"lambda_zz":0.1,"cutoff":1.0e-12,"out_prefix":"L8_lam0.9_s3","binder_mean_of_trials":0.1505058230705072,"ntrials":2000,"binder":0.15049563322655535,"lambda":0.9,"maxdim":256,"sample":3,"seed":1285,"binder_std_of_trials":0.002157672730750787}