{"ntrials_completed":2000,"chunk4":50000,"S4_bar":0.5636605512347688,"lambda_x":0.49,"S2_bar":0.6275792368778191,"L":8,"lambda_zz":0.51,"cutoff":1.0e-12,"out_prefix":"L8_lam0.49_s3","binder_mean_of_trials":0.5086883209591928,"ntrials":2000,"binder":0.5229551048811413,"lambda":0.49,"maxdim":256,"sample":3,"seed":1258,"binder_std_of_trials":0.0908424968798279}