{"ntrials_completed":2000,"chunk4":50000,"S4_bar":0.23522714064603167,"lambda_x":0.7,"S2_bar":0.333230272202324,"L":8,"lambda_zz":0.3,"cutoff":1.0e-12,"out_prefix":"L8_lam0.7_s1","binder_mean_of_trials":0.29275727478750263,"ntrials":2000,"binder":0.2938820056480663,"lambda":0.7,"maxdim":256,"sample":1,"seed":1277,"binder_std_of_trials":0.03788320290151286}