{"ntrials_completed":2000,"chunk4":50000,"S4_bar":0.611941747923702,"lambda_x":0.47,"S2_bar":0.6696884122964544,"L":8,"lambda_zz":0.53,"cutoff":1.0e-12,"out_prefix":"L8_lam0.47_s3","binder_mean_of_trials":0.5303193429227508,"ntrials":2000,"binder":0.5451761194655327,"lambda":0.47,"maxdim":256,"sample":3,"seed":1252,"binder_std_of_trials":0.09194832075134124}