{"ntrials_completed":2000,"chunk4":50000,"S4_bar":0.5130320532062417,"lambda_x":0.52,"S2_bar":0.5831286107677813,"L":8,"lambda_zz":0.48,"cutoff":1.0e-12,"out_prefix":"L8_lam0.52_s2","binder_mean_of_trials":0.4844030862570845,"ntrials":2000,"binder":0.4970850516498716,"lambda":0.52,"maxdim":256,"sample":2,"seed":1266,"binder_std_of_trials":0.08660932006926012}