{"ntrials_completed":2000,"chunk4":50000,"S4_bar":0.9983943235476763,"lambda_x":0.1,"S2_bar":0.9986901436317149,"L":8,"lambda_zz":0.9,"cutoff":1.0e-12,"out_prefix":"L8_lam0.1_s1","binder_mean_of_trials":0.6662210031817003,"ntrials":2000,"binder":0.6663283407435636,"lambda":0.1,"maxdim":256,"sample":1,"seed":1235,"binder_std_of_trials":0.007932753495094216}