{"ntrials_completed":2000,"chunk4":50000,"S4_bar":0.9789742419690062,"lambda_x":0.2,"S2_bar":0.9829819524162882,"L":8,"lambda_zz":0.8,"cutoff":1.0e-12,"out_prefix":"L8_lam0.2_s2","binder_mean_of_trials":0.6612761321864243,"ntrials":2000,"binder":0.6622783348449517,"lambda":0.2,"maxdim":256,"sample":2,"seed":1239,"binder_std_of_trials":0.023390209486750406}