{"ntrials_completed":2000,"chunk4":50000,"S4_bar":0.979633177949667,"lambda_x":0.2,"S2_bar":0.9836012949926167,"L":8,"lambda_zz":0.8,"cutoff":1.0e-12,"out_prefix":"L8_lam0.2_s3","binder_mean_of_trials":0.661454882482192,"ntrials":2000,"binder":0.6624764759326778,"lambda":0.2,"maxdim":256,"sample":3,"seed":1240,"binder_std_of_trials":0.02420837839551904}