{"ntrials_completed":2000,"chunk4":50000,"S4_bar":0.15496299486197335,"lambda_x":0.8,"S2_bar":0.2546351464152859,"L":8,"lambda_zz":0.2,"cutoff":1.0e-12,"out_prefix":"L8_lam0.8_s1","binder_mean_of_trials":0.20339765959162864,"ntrials":2000,"binder":0.20334543126755855,"lambda":0.8,"maxdim":256,"sample":1,"seed":1280,"binder_std_of_trials":0.013505626168558863}