{"ntrials_completed":2000,"chunk4":50000,"S4_bar":0.4910993313522728,"lambda_x":0.53,"S2_bar":0.5643948863604998,"L":8,"lambda_zz":0.47,"cutoff":1.0e-12,"out_prefix":"L8_lam0.53_s2","binder_mean_of_trials":0.4746940836677751,"ntrials":2000,"binder":0.4860960596267224,"lambda":0.53,"maxdim":256,"sample":2,"seed":1269,"binder_std_of_trials":0.08327547088624644}