{"ntrials_completed":2000,"chunk4":50000,"S4_bar":0.9086205895735298,"lambda_x":0.3,"S2_bar":0.9243288929895993,"L":8,"lambda_zz":0.7,"cutoff":1.0e-12,"out_prefix":"L8_lam0.3_s3","binder_mean_of_trials":0.6401201770238463,"ntrials":2000,"binder":0.6455065117664232,"lambda":0.3,"maxdim":256,"sample":3,"seed":1243,"binder_std_of_trials":0.05530240344309677}