{
  "ntrials_completed": 2000,
  "S4_bar": 0.23506845384542713,
  "measurement_type": "forced_plus_one",
  "success": true,
  "lambda_x": 0.54,
  "S2_bar": 0.3502971704275941,
  "L": 16,
  "lambda_zz": 0.46,
  "cutoff": 1.0e-10,
  "binder_mean_of_trials": 0.36144275379818014,
  "binder_parameter": 0.36144275379818214,
  "ntrials": 2000,
  "lambda": 0.54,
  "maxdim": 128,
  "sample": 1,
  "binder_std_of_trials": 3.3315020535243255e-16,
  "seed": 1373
}
