{
  "ntrials_completed": 2000,
  "S4_bar": 0.9999470482475272,
  "measurement_type": "forced_plus_one",
  "success": true,
  "lambda_x": 0.1,
  "S2_bar": 0.9999699367200138,
  "L": 16,
  "lambda_zz": 0.9,
  "cutoff": 1.0e-10,
  "binder_mean_of_trials": 0.6666642752216463,
  "binder_parameter": 0.6666642752216465,
  "ntrials": 2000,
  "lambda": 0.1,
  "maxdim": 128,
  "sample": 3,
  "binder_std_of_trials": 1.1105006845081086e-16,
  "seed": 1339
}
