{
  "ntrials_completed": 2000,
  "S4_bar": 0.9987951207832833,
  "measurement_type": "forced_plus_one",
  "success": true,
  "lambda_x": 0.2,
  "S2_bar": 0.9993096158714234,
  "L": 16,
  "lambda_zz": 0.8,
  "cutoff": 1.0e-10,
  "binder_mean_of_trials": 0.6666081150449554,
  "binder_parameter": 0.6666081150449563,
  "ntrials": 2000,
  "lambda": 0.2,
  "maxdim": 128,
  "sample": 1,
  "binder_std_of_trials": 1.1105006845081084e-15,
  "seed": 1340
}
