{
  "ntrials_completed": 2000,
  "S4_bar": 0.46957714833486797,
  "measurement_type": "forced_plus_one",
  "success": true,
  "lambda_x": 0.5,
  "S2_bar": 0.5727723365846137,
  "L": 16,
  "lambda_zz": 0.5,
  "cutoff": 1.0e-10,
  "binder_mean_of_trials": 0.522886582183684,
  "binder_parameter": 0.5228865821836843,
  "ntrials": 2000,
  "lambda": 0.5,
  "maxdim": 128,
  "sample": 1,
  "binder_std_of_trials": 1.1105006845081086e-16,
  "seed": 1361
}
