{
  "ntrials_completed": 2000,
  "S4_bar": 0.3328824844592039,
  "measurement_type": "forced_plus_one",
  "success": true,
  "lambda_x": 0.52,
  "S2_bar": 0.4454874630864896,
  "L": 16,
  "lambda_zz": 0.48,
  "cutoff": 1.0e-10,
  "binder_mean_of_trials": 0.44088812523363086,
  "binder_parameter": 0.44088812523363097,
  "ntrials": 2000,
  "lambda": 0.52,
  "maxdim": 128,
  "sample": 3,
  "binder_std_of_trials": 2.221001369016217e-16,
  "seed": 1369
}
