{
  "ntrials_completed": 2000,
  "S4_bar": 0.3328824844595207,
  "measurement_type": "forced_plus_one",
  "success": true,
  "lambda_x": 0.52,
  "S2_bar": 0.4454874630865998,
  "L": 16,
  "lambda_zz": 0.48,
  "cutoff": 1.0e-10,
  "binder_mean_of_trials": 0.4408881252333748,
  "binder_parameter": 0.4408881252333754,
  "ntrials": 2000,
  "lambda": 0.52,
  "maxdim": 128,
  "sample": 1,
  "binder_std_of_trials": 1.6657510267621627e-16,
  "seed": 1367
}
