{
  "ntrials_completed": 2000,
  "S4_bar": 0.6272075074406877,
  "measurement_type": "forced_plus_one",
  "success": true,
  "lambda_x": 0.48,
  "S2_bar": 0.7134009465950654,
  "L": 16,
  "lambda_zz": 0.52,
  "cutoff": 1.0e-10,
  "binder_mean_of_trials": 0.5892073818563802,
  "binder_parameter": 0.5892073818563796,
  "ntrials": 2000,
  "lambda": 0.48,
  "maxdim": 128,
  "sample": 2,
  "binder_std_of_trials": 3.3315020535243255e-16,
  "seed": 1356
}
