{
  "ntrials_completed": 2000,
  "S4_bar": 0.7622321815950837,
  "measurement_type": "forced_plus_one",
  "success": true,
  "lambda_x": 0.46,
  "S2_bar": 0.8278922115539379,
  "L": 16,
  "lambda_zz": 0.54,
  "cutoff": 1.0e-10,
  "binder_mean_of_trials": 0.6293035455752943,
  "binder_parameter": 0.6293035455752934,
  "ntrials": 2000,
  "lambda": 0.46,
  "maxdim": 128,
  "sample": 3,
  "binder_std_of_trials": 7.773504791556759e-16,
  "seed": 1351
}
