{
  "ntrials_completed": 2000,
  "S4_bar": 0.012935256325794835,
  "measurement_type": "forced_plus_one",
  "success": true,
  "lambda_x": 0.9,
  "S2_bar": 0.06729789373321905,
  "L": 16,
  "lambda_zz": 0.1,
  "cutoff": 1.0e-10,
  "binder_mean_of_trials": 0.04796954746805321,
  "binder_parameter": 0.047969547468052265,
  "ntrials": 2000,
  "lambda": 0.9,
  "maxdim": 128,
  "sample": 2,
  "binder_std_of_trials": 5.552503422540543e-17,
  "seed": 1386
}
