{
  "ntrials_completed": 2000,
  "S4_bar": 0.2792040216771063,
  "measurement_type": "forced_plus_one",
  "success": true,
  "lambda_x": 0.53,
  "S2_bar": 0.3938104460994683,
  "L": 16,
  "lambda_zz": 0.47,
  "cutoff": 1.0e-10,
  "binder_mean_of_trials": 0.3998967883459802,
  "binder_parameter": 0.39989678834597964,
  "ntrials": 2000,
  "lambda": 0.53,
  "maxdim": 128,
  "sample": 3,
  "binder_std_of_trials": 5.552503422540542e-16,
  "seed": 1372
}
