{
  "ntrials_completed": 2000,
  "S4_bar": 0.990053639659322,
  "measurement_type": "forced_plus_one",
  "success": true,
  "lambda_x": 0.3,
  "S2_bar": 0.9941687078690952,
  "L": 16,
  "lambda_zz": 0.7,
  "cutoff": 1.0e-10,
  "binder_mean_of_trials": 0.6660993293547784,
  "binder_parameter": 0.6660993293547763,
  "ntrials": 2000,
  "lambda": 0.3,
  "maxdim": 128,
  "sample": 2,
  "binder_std_of_trials": 6.663004107048651e-16,
  "seed": 1344
}
