{
  "ntrials_completed": 2000,
  "S4_bar": 0.3966712461352239,
  "measurement_type": "forced_plus_one",
  "success": true,
  "lambda_x": 0.51,
  "S2_bar": 0.5055563012941067,
  "L": 16,
  "lambda_zz": 0.49,
  "cutoff": 1.0e-10,
  "binder_mean_of_trials": 0.4826667287048708,
  "binder_parameter": 0.4826667287048706,
  "ntrials": 2000,
  "lambda": 0.51,
  "maxdim": 128,
  "sample": 1,
  "binder_std_of_trials": 0.0,
  "seed": 1364
}
