{
  "ntrials_completed": 2000,
  "S4_bar": 0.23506845384502753,
  "measurement_type": "forced_plus_one",
  "success": true,
  "lambda_x": 0.54,
  "S2_bar": 0.3502971704271299,
  "L": 16,
  "lambda_zz": 0.46,
  "cutoff": 1.0e-10,
  "binder_mean_of_trials": 0.3614427537975748,
  "binder_parameter": 0.3614427537975752,
  "ntrials": 2000,
  "lambda": 0.54,
  "maxdim": 128,
  "sample": 2,
  "binder_std_of_trials": 1.6657510267621627e-16,
  "seed": 1374
}
