{
  "ntrials_completed": 2000,
  "S4_bar": 0.2350684538449274,
  "measurement_type": "forced_plus_one",
  "success": true,
  "lambda_x": 0.54,
  "S2_bar": 0.3502971704271506,
  "L": 16,
  "lambda_zz": 0.46,
  "cutoff": 1.0e-10,
  "binder_mean_of_trials": 0.36144275379792257,
  "binder_parameter": 0.3614427537979227,
  "ntrials": 2000,
  "lambda": 0.54,
  "maxdim": 128,
  "sample": 3,
  "binder_std_of_trials": 4.442002738032434e-16,
  "seed": 1375
}
