{
  "ntrials_completed": 2000,
  "S4_bar": 0.9353127204201493,
  "measurement_type": "forced_plus_one",
  "success": true,
  "lambda_x": 0.4,
  "S2_bar": 0.9593195753101746,
  "L": 16,
  "lambda_zz": 0.6,
  "cutoff": 1.0e-10,
  "binder_mean_of_trials": 0.6612268571889386,
  "binder_parameter": 0.6612268571889395,
  "ntrials": 2000,
  "lambda": 0.4,
  "maxdim": 128,
  "sample": 3,
  "binder_std_of_trials": 4.442002738032434e-16,
  "seed": 1348
}
