{
  "ntrials_completed": 2000,
  "S4_bar": 0.700063779740731,
  "measurement_type": "forced_plus_one",
  "success": true,
  "lambda_x": 0.47,
  "S2_bar": 0.7760149796823748,
  "L": 16,
  "lambda_zz": 0.53,
  "cutoff": 1.0e-10,
  "binder_mean_of_trials": 0.6124960405480688,
  "binder_parameter": 0.6124960405480679,
  "ntrials": 2000,
  "lambda": 0.47,
  "maxdim": 128,
  "sample": 3,
  "binder_std_of_trials": 1.1105006845081086e-16,
  "seed": 1354
}
