{
  "ntrials_completed": 2000,
  "S4_bar": 0.09803917306063892,
  "measurement_type": "forced_plus_one",
  "success": true,
  "lambda_x": 0.6,
  "S2_bar": 0.2029204668669773,
  "L": 16,
  "lambda_zz": 0.4,
  "cutoff": 1.0e-10,
  "binder_mean_of_trials": 0.206354279104403,
  "binder_parameter": 0.20635427910441073,
  "ntrials": 2000,
  "lambda": 0.6,
  "maxdim": 128,
  "sample": 3,
  "binder_std_of_trials": 6.385378935921623e-16,
  "seed": 1378
}
