{
  "ntrials_completed": 2000,
  "S4_bar": 0.5482834937214704,
  "measurement_type": "forced_plus_one",
  "success": true,
  "lambda_x": 0.49,
  "S2_bar": 0.6437984206177941,
  "L": 16,
  "lambda_zz": 0.51,
  "cutoff": 1.0e-10,
  "binder_mean_of_trials": 0.5590553243653881,
  "binder_parameter": 0.5590553243653875,
  "ntrials": 2000,
  "lambda": 0.49,
  "maxdim": 128,
  "sample": 1,
  "binder_std_of_trials": 1.2215507529589194e-15,
  "seed": 1358
}
