{
  "ntrials_completed": 2000,
  "S4_bar": 0.019383473546572237,
  "measurement_type": "forced_plus_one",
  "success": true,
  "lambda_x": 0.8,
  "S2_bar": 0.08325878656164763,
  "L": 16,
  "lambda_zz": 0.2,
  "cutoff": 1.0e-10,
  "binder_mean_of_trials": 0.06792642181750526,
  "binder_parameter": 0.0679264218175023,
  "ntrials": 2000,
  "lambda": 0.8,
  "maxdim": 128,
  "sample": 2,
  "binder_std_of_trials": 6.940629278175678e-17,
  "seed": 1383
}
