{"ntrials_completed":2000,"chunk4":50000,"S4_bar":0.6922239343176996,"lambda_x":0.4,"S2_bar":0.7482172148687293,"L":12,"lambda_zz":0.6,"cutoff":1.0e-12,"out_prefix":"L12_lam0.4_s2","binder_mean_of_trials":0.5730499323401308,"ntrials":2000,"binder":0.5878360871243679,"lambda":0.4,"maxdim":256,"sample":2,"seed":1296,"binder_std_of_trials":0.0954472698800239}