{"ntrials_completed":2000,"chunk4":50000,"S4_bar":0.365600479198476,"lambda_x":0.54,"S2_bar":0.46193148919157856,"L":12,"lambda_zz":0.46,"cutoff":1.0e-12,"out_prefix":"L12_lam0.54_s2","binder_mean_of_trials":0.4179376316655837,"ntrials":2000,"binder":0.4288760605066416,"lambda":0.54,"maxdim":256,"sample":2,"seed":1323,"binder_std_of_trials":0.09126760237536777}