{"ntrials_completed":2000,"chunk4":50000,"S4_bar":0.4903818776912373,"lambda_x":0.48,"S2_bar":0.5734866668779541,"L":12,"lambda_zz":0.52,"cutoff":1.0e-12,"out_prefix":"L12_lam0.48_s1","binder_mean_of_trials":0.487796375902319,"ntrials":2000,"binder":0.5029884208696496,"lambda":0.48,"maxdim":256,"sample":1,"seed":1304,"binder_std_of_trials":0.10064376774400577}