{"ntrials_completed":2000,"chunk4":50000,"S4_bar":0.5112010753396082,"lambda_x":0.47,"S2_bar":0.5915065398498057,"L":12,"lambda_zz":0.53,"cutoff":1.0e-12,"out_prefix":"L12_lam0.47_s3","binder_mean_of_trials":0.4963058685637275,"ntrials":2000,"binder":0.5129748344254247,"lambda":0.47,"maxdim":256,"sample":3,"seed":1303,"binder_std_of_trials":0.1041167842316844}