{"ntrials_completed":2000,"chunk4":50000,"S4_bar":0.08770172068824257,"lambda_x":0.8,"S2_bar":0.18543284991555783,"L":12,"lambda_zz":0.2,"cutoff":1.0e-12,"out_prefix":"L12_lam0.8_s2","binder_mean_of_trials":0.1501398900894222,"ntrials":2000,"binder":0.14981485301272235,"lambda":0.8,"maxdim":256,"sample":2,"seed":1332,"binder_std_of_trials":0.011288084954128719}