{"ntrials_completed":2000,"chunk4":50000,"S4_bar":0.5192975759279596,"lambda_x":0.47,"S2_bar":0.5981560939736089,"L":12,"lambda_zz":0.53,"cutoff":1.0e-12,"out_prefix":"L12_lam0.47_s1","binder_mean_of_trials":0.4996021652096024,"ntrials":2000,"binder":0.516199873826295,"lambda":0.47,"maxdim":256,"sample":1,"seed":1301,"binder_std_of_trials":0.10406284839403586}