{"ntrials_completed":2000,"chunk4":50000,"S4_bar":0.8935823756467834,"lambda_x":0.3,"S2_bar":0.9168656208738628,"L":12,"lambda_zz":0.7,"cutoff":1.0e-12,"out_prefix":"L12_lam0.3_s3","binder_mean_of_trials":0.6408896546464137,"ntrials":2000,"binder":0.645674863887497,"lambda":0.3,"maxdim":256,"sample":3,"seed":1294,"binder_std_of_trials":0.0540436332047827}