{"ntrials_completed":2000,"chunk4":50000,"S4_bar":0.4499300215106539,"lambda_x":0.5,"S2_bar":0.5385184661879022,"L":12,"lambda_zz":0.5,"cutoff":1.0e-12,"out_prefix":"L12_lam0.5_s3","binder_mean_of_trials":0.46835484933900023,"ntrials":2000,"binder":0.4828428691898089,"lambda":0.5,"maxdim":256,"sample":3,"seed":1312,"binder_std_of_trials":0.09976781800936836}