{"ntrials_completed":2000,"chunk4":50000,"S4_bar":0.5474350944939813,"lambda_x":0.46,"S2_bar":0.6233798578126536,"L":12,"lambda_zz":0.54,"cutoff":1.0e-12,"out_prefix":"L12_lam0.46_s3","binder_mean_of_trials":0.5137476133602811,"ntrials":2000,"binder":0.5304240460124678,"lambda":0.46,"maxdim":256,"sample":3,"seed":1300,"binder_std_of_trials":0.10354907489110855}