{"ntrials_completed":2000,"chunk4":50000,"S4_bar":0.4551173369725981,"lambda_x":0.5,"S2_bar":0.5423671486481692,"L":12,"lambda_zz":0.5,"cutoff":1.0e-12,"out_prefix":"L12_lam0.5_s1","binder_mean_of_trials":0.46864708828837853,"ntrials":2000,"binder":0.48427833956777255,"lambda":0.5,"maxdim":256,"sample":1,"seed":1310,"binder_std_of_trials":0.1029054523357133}