{"ntrials_completed":2000,"chunk4":50000,"S4_bar":0.1441825420706698,"lambda_x":0.7,"S2_bar":0.2492351543585001,"L":12,"lambda_zz":0.3,"cutoff":1.0e-12,"out_prefix":"L12_lam0.7_s2","binder_mean_of_trials":0.22658497031862604,"ntrials":2000,"binder":0.2262995929141185,"lambda":0.7,"maxdim":256,"sample":2,"seed":1329,"binder_std_of_trials":0.03403766139520554}