{"ntrials_completed":2000,"chunk4":50000,"S4_bar":0.9991046641041775,"lambda_x":0.1,"S2_bar":0.9993887067804175,"L":12,"lambda_zz":0.9,"cutoff":1.0e-12,"out_prefix":"L12_lam0.1_s2","binder_mean_of_trials":0.6665573807618452,"ntrials":2000,"binder":0.6665575743780321,"lambda":0.1,"maxdim":256,"sample":2,"seed":1287,"binder_std_of_trials":0.0012080897785277933}