{"ntrials_completed":2000,"chunk4":50000,"S4_bar":0.14541508083435767,"lambda_x":0.7,"S2_bar":0.2505456823183562,"L":12,"lambda_zz":0.3,"cutoff":1.0e-12,"out_prefix":"L12_lam0.7_s1","binder_mean_of_trials":0.22822015489567132,"ntrials":2000,"binder":0.22782746826213762,"lambda":0.7,"maxdim":256,"sample":1,"seed":1328,"binder_std_of_trials":0.037869682491316635}