{"ntrials_completed":2000,"chunk4":50000,"S4_bar":0.48189983329985747,"lambda_x":0.49,"S2_bar":0.565724719331627,"L":12,"lambda_zz":0.51,"cutoff":1.0e-12,"out_prefix":"L12_lam0.49_s3","binder_mean_of_trials":0.4829148488670586,"ntrials":2000,"binder":0.49809073795905234,"lambda":0.49,"maxdim":256,"sample":3,"seed":1309,"binder_std_of_trials":0.10041144917154585}