{"ntrials_completed":2000,"chunk4":50000,"S4_bar":0.25935545663032783,"lambda_x":0.6,"S2_bar":0.36361246393989133,"L":12,"lambda_zz":0.4,"cutoff":1.0e-12,"out_prefix":"L12_lam0.6_s2","binder_mean_of_trials":0.34127975440689545,"ntrials":2000,"binder":0.34612217141993407,"lambda":0.6,"maxdim":256,"sample":2,"seed":1326,"binder_std_of_trials":0.07285072870161168}