{"ntrials_completed":2000,"chunk4":50000,"S4_bar":0.06250867561164287,"lambda_x":0.9,"S2_bar":0.15287544373245873,"L":12,"lambda_zz":0.1,"cutoff":1.0e-12,"out_prefix":"L12_lam0.9_s1","binder_mean_of_trials":0.10847595945989544,"ntrials":2000,"binder":0.10845435785166113,"lambda":0.9,"maxdim":256,"sample":1,"seed":1334,"binder_std_of_trials":0.002195635110624044}