{"ntrials_completed":2000,"chunk4":50000,"S4_bar":0.06250032583588162,"lambda_x":0.9,"S2_bar":0.15286323107628208,"L":12,"lambda_zz":0.1,"cutoff":1.0e-12,"out_prefix":"L12_lam0.9_s3","binder_mean_of_trials":0.10844486847214506,"ntrials":2000,"binder":0.10843100598285227,"lambda":0.9,"maxdim":256,"sample":3,"seed":1336,"binder_std_of_trials":0.0012469309287764625}