{"ntrials_completed":2000,"chunk4":50000,"S4_bar":0.062485920047148154,"lambda_x":0.9,"S2_bar":0.1528432735213318,"L":12,"lambda_zz":0.1,"cutoff":1.0e-12,"out_prefix":"L12_lam0.9_s2","binder_mean_of_trials":0.10841244290750597,"ntrials":2000,"binder":0.10840370969107083,"lambda":0.9,"maxdim":256,"sample":2,"seed":1335,"binder_std_of_trials":0.0009325485815821154}