{"ntrials_completed":2000,"chunk4":50000,"S4_bar":0.47002065735451876,"lambda_x":0.49,"S2_bar":0.5552006051683069,"L":12,"lambda_zz":0.51,"cutoff":1.0e-12,"out_prefix":"L12_lam0.49_s2","binder_mean_of_trials":0.47603477491329804,"ntrials":2000,"binder":0.49172841723460803,"lambda":0.49,"maxdim":256,"sample":2,"seed":1308,"binder_std_of_trials":0.10352328456942066}