{"ntrials_completed":2000,"chunk4":50000,"S4_bar":0.37916542718778173,"lambda_x":0.53,"S2_bar":0.47419824292702634,"L":12,"lambda_zz":0.47,"cutoff":1.0e-12,"out_prefix":"L12_lam0.53_s1","binder_mean_of_trials":0.42639822349378925,"ntrials":2000,"binder":0.43793363735156177,"lambda":0.53,"maxdim":256,"sample":1,"seed":1319,"binder_std_of_trials":0.09371537271670777}