{"ntrials_completed":2000,"chunk4":50000,"S4_bar":0.5173768145887815,"lambda_x":0.47,"S2_bar":0.5977830705020101,"L":12,"lambda_zz":0.53,"cutoff":1.0e-12,"out_prefix":"L12_lam0.47_s2","binder_mean_of_trials":0.501356595852499,"ntrials":2000,"binder":0.5173875903090353,"lambda":0.47,"maxdim":256,"sample":2,"seed":1302,"binder_std_of_trials":0.10288029101503565}