{"ntrials_completed":2000,"chunk4":50000,"S4_bar":0.08818053449514578,"lambda_x":0.8,"S2_bar":0.1860344344170706,"L":12,"lambda_zz":0.2,"cutoff":1.0e-12,"out_prefix":"L12_lam0.8_s1","binder_mean_of_trials":0.15113380305366395,"ntrials":2000,"binder":0.15069281988080385,"lambda":0.8,"maxdim":256,"sample":1,"seed":1331,"binder_std_of_trials":0.016331497161899106}