{"ntrials_completed":2000,"chunk4":50000,"S4_bar":0.48699735060655586,"lambda_x":0.48,"S2_bar":0.570821304589511,"L":12,"lambda_zz":0.52,"cutoff":1.0e-12,"out_prefix":"L12_lam0.48_s3","binder_mean_of_trials":0.48638659039339743,"ntrials":2000,"binder":0.5017985396170559,"lambda":0.48,"maxdim":256,"sample":3,"seed":1306,"binder_std_of_trials":0.10093857572254639}