{"ntrials_completed":2000,"chunk4":50000,"S4_bar":0.444413420378238,"lambda_x":0.5,"S2_bar":0.5320097252062254,"L":12,"lambda_zz":0.5,"cutoff":1.0e-12,"out_prefix":"L12_lam0.5_s2","binder_mean_of_trials":0.46198242488891755,"ntrials":2000,"binder":0.4766083763712162,"lambda":0.5,"maxdim":256,"sample":2,"seed":1311,"binder_std_of_trials":0.09995845192304086}