{"ntrials_completed":2000,"chunk4":50000,"S4_bar":0.9840856057175592,"lambda_x":0.2,"S2_bar":0.9883723042029221,"L":12,"lambda_zz":0.8,"cutoff":1.0e-12,"out_prefix":"L12_lam0.2_s1","binder_mean_of_trials":0.6637808948760062,"ntrials":2000,"binder":0.6642078879046842,"lambda":0.2,"maxdim":256,"sample":1,"seed":1289,"binder_std_of_trials":0.016441215629506595}