{"ntrials_completed":2000,"chunk4":50000,"S4_bar":0.3778111604839372,"lambda_x":0.53,"S2_bar":0.4725852097207654,"L":12,"lambda_zz":0.47,"cutoff":1.0e-12,"out_prefix":"L12_lam0.53_s3","binder_mean_of_trials":0.42438399306661295,"ntrials":2000,"binder":0.43611144907395394,"lambda":0.53,"maxdim":256,"sample":3,"seed":1321,"binder_std_of_trials":0.09331839612400805}