{"ntrials_completed":2000,"chunk4":50000,"S4_bar":0.894464905708564,"lambda_x":0.3,"S2_bar":0.9180636836267511,"L":12,"lambda_zz":0.7,"cutoff":1.0e-12,"out_prefix":"L12_lam0.3_s2","binder_mean_of_trials":0.6418031174335113,"ntrials":2000,"binder":0.6462500111829751,"lambda":0.3,"maxdim":256,"sample":2,"seed":1293,"binder_std_of_trials":0.052127050443507045}