{"ntrials_completed":2000,"chunk4":50000,"S4_bar":0.5506996570691888,"lambda_x":0.46,"S2_bar":0.6264100411818749,"L":12,"lambda_zz":0.54,"cutoff":1.0e-12,"out_prefix":"L12_lam0.46_s1","binder_mean_of_trials":0.5157578427751455,"ntrials":2000,"binder":0.5321828596659524,"lambda":0.46,"maxdim":256,"sample":1,"seed":1298,"binder_std_of_trials":0.10288480354553753}