{"ntrials_completed":2000,"chunk4":50000,"S4_bar":0.40535109104106753,"lambda_x":0.52,"S2_bar":0.4971208533440687,"L":12,"lambda_zz":0.48,"cutoff":1.0e-12,"out_prefix":"L12_lam0.52_s3","binder_mean_of_trials":0.44063536072222925,"ntrials":2000,"binder":0.45325335247804566,"lambda":0.52,"maxdim":256,"sample":3,"seed":1318,"binder_std_of_trials":0.09538119852760829}