{"ntrials_completed":2000,"chunk4":50000,"S4_bar":0.3631614749122545,"lambda_x":0.54,"S2_bar":0.45922189743996156,"L":12,"lambda_zz":0.46,"cutoff":1.0e-12,"out_prefix":"L12_lam0.54_s1","binder_mean_of_trials":0.4155175466486077,"ntrials":2000,"binder":0.4259716534931861,"lambda":0.54,"maxdim":256,"sample":1,"seed":1322,"binder_std_of_trials":0.09038481855599402}