{"ntrials_completed":2000,"chunk4":50000,"S4_bar":0.4011726599115758,"lambda_x":0.52,"S2_bar":0.4941660097978578,"L":12,"lambda_zz":0.48,"cutoff":1.0e-12,"out_prefix":"L12_lam0.52_s2","binder_mean_of_trials":0.43990898638693987,"ntrials":2000,"binder":0.45239887306591264,"lambda":0.52,"maxdim":256,"sample":2,"seed":1317,"binder_std_of_trials":0.0951093016336025}