{"ntrials_completed":2000,"chunk4":50000,"S4_bar":0.38110200172648834,"lambda_x":0.53,"S2_bar":0.475417820550889,"L":12,"lambda_zz":0.47,"cutoff":1.0e-12,"out_prefix":"L12_lam0.53_s2","binder_mean_of_trials":0.4263085465466492,"ntrials":2000,"binder":0.43795762329167065,"lambda":0.53,"maxdim":256,"sample":2,"seed":1320,"binder_std_of_trials":0.09366646941990153}