{"ntrials_completed":2000,"chunk4":50000,"S4_bar":0.4248514815772504,"lambda_x":0.51,"S2_bar":0.515039659796096,"L":12,"lambda_zz":0.49,"cutoff":1.0e-12,"out_prefix":"L12_lam0.51_s1","binder_mean_of_trials":0.45200831131675634,"ntrials":2000,"binder":0.4661312042054201,"lambda":0.51,"maxdim":256,"sample":1,"seed":1313,"binder_std_of_trials":0.100309133396526}