{"ntrials_completed":2000,"chunk4":50000,"S4_bar":0.9990941394813747,"lambda_x":0.1,"S2_bar":0.9993628285459807,"L":12,"lambda_zz":0.9,"cutoff":1.0e-12,"out_prefix":"L12_lam0.1_s1","binder_mean_of_trials":0.6665351062790962,"ntrials":2000,"binder":0.6665438180312706,"lambda":0.1,"maxdim":256,"sample":1,"seed":1286,"binder_std_of_trials":0.0020782979523076323}