{"ntrials_completed":2000,"chunk4":50000,"S4_bar":0.25961281286099125,"lambda_x":0.6,"S2_bar":0.3635639343350612,"L":12,"lambda_zz":0.4,"cutoff":1.0e-12,"out_prefix":"L12_lam0.6_s1","binder_mean_of_trials":0.3407965540365651,"ntrials":2000,"binder":0.3452985859405888,"lambda":0.6,"maxdim":256,"sample":1,"seed":1325,"binder_std_of_trials":0.071720808556868}