{"ntrials_completed":2000,"chunk4":50000,"S4_bar":0.35820122491840756,"lambda_x":0.54,"S2_bar":0.4549023517188691,"L":12,"lambda_zz":0.46,"cutoff":1.0e-12,"out_prefix":"L12_lam0.54_s3","binder_mean_of_trials":0.413155309540505,"ntrials":2000,"binder":0.4230084567761453,"lambda":0.54,"maxdim":256,"sample":3,"seed":1324,"binder_std_of_trials":0.0887774767182598}