{"ntrials_completed":2000,"chunk4":50000,"S4_bar":0.7024547725396191,"lambda_x":0.4,"S2_bar":0.756894143832247,"L":12,"lambda_zz":0.6,"cutoff":1.0e-12,"out_prefix":"L12_lam0.4_s3","binder_mean_of_trials":0.5770047170491533,"ntrials":2000,"binder":0.5912791219876337,"lambda":0.4,"maxdim":256,"sample":3,"seed":1297,"binder_std_of_trials":0.09404533977088386}