{"ntrials_completed":2000,"chunk4":50000,"S4_bar":0.9810962404410738,"lambda_x":0.2,"S2_bar":0.985813362001923,"L":12,"lambda_zz":0.8,"cutoff":1.0e-12,"out_prefix":"L12_lam0.2_s3","binder_mean_of_trials":0.662807252899589,"ntrials":2000,"binder":0.663487689904853,"lambda":0.2,"maxdim":256,"sample":3,"seed":1291,"binder_std_of_trials":0.019926360657252368}