{"ntrials_completed":2000,"chunk4":50000,"S4_bar":0.9796011336859369,"lambda_x":0.2,"S2_bar":0.9848633277901522,"L":12,"lambda_zz":0.8,"cutoff":1.0e-12,"out_prefix":"L12_lam0.2_s2","binder_mean_of_trials":0.6627564909413824,"ntrials":2000,"binder":0.6633519590912094,"lambda":0.2,"maxdim":256,"sample":2,"seed":1290,"binder_std_of_trials":0.018735756578162843}