{"ntrials_completed":2000,"chunk4":50000,"S4_bar":0.4018605959780392,"lambda_x":0.52,"S2_bar":0.49450903174604605,"L":12,"lambda_zz":0.48,"cutoff":1.0e-12,"out_prefix":"L12_lam0.52_s1","binder_mean_of_trials":0.43991942473540385,"ntrials":2000,"binder":0.45222057817051375,"lambda":0.52,"maxdim":256,"sample":1,"seed":1316,"binder_std_of_trials":0.09568487741441595}