{"ntrials_completed":2000,"chunk4":50000,"S4_bar":0.9990875661346729,"lambda_x":0.1,"S2_bar":0.9993576333052886,"L":12,"lambda_zz":0.9,"cutoff":1.0e-12,"out_prefix":"L12_lam0.1_s3","binder_mean_of_trials":0.666539701376206,"ntrials":2000,"binder":0.6665425449582054,"lambda":0.1,"maxdim":256,"sample":3,"seed":1288,"binder_std_of_trials":0.0014367552723572846}