{"ntrials_completed":2000,"chunk4":50000,"S4_bar":0.8976847343225429,"lambda_x":0.3,"S2_bar":0.920071551936129,"L":12,"lambda_zz":0.7,"cutoff":1.0e-12,"out_prefix":"L12_lam0.3_s1","binder_mean_of_trials":0.6416740192045959,"ntrials":2000,"binder":0.6465244495013274,"lambda":0.3,"maxdim":256,"sample":1,"seed":1292,"binder_std_of_trials":0.05480349408681125}