{"ntrials_completed":2000,"chunk4":50000,"S4_bar":0.4315004960550753,"lambda_x":0.51,"S2_bar":0.5209510192014948,"L":12,"lambda_zz":0.49,"cutoff":1.0e-12,"out_prefix":"L12_lam0.51_s2","binder_mean_of_trials":0.4562003247256348,"ntrials":2000,"binder":0.4700117264863948,"lambda":0.51,"maxdim":256,"sample":2,"seed":1314,"binder_std_of_trials":0.09798292925014268}