{"ntrials_completed":2000,"chunk4":50000,"S4_bar":0.4310797862790604,"lambda_x":0.51,"S2_bar":0.5208550951447005,"L":12,"lambda_zz":0.49,"cutoff":1.0e-12,"out_prefix":"L12_lam0.51_s3","binder_mean_of_trials":0.45646557042401753,"ntrials":2000,"binder":0.47033342132100153,"lambda":0.51,"maxdim":256,"sample":3,"seed":1315,"binder_std_of_trials":0.0990287034444456}