{"ntrials_completed":2000,"chunk4":50000,"S4_bar":0.6984567519763913,"lambda_x":0.4,"S2_bar":0.7540431875186193,"L":12,"lambda_zz":0.6,"cutoff":1.0e-12,"out_prefix":"L12_lam0.4_s1","binder_mean_of_trials":0.5764220891971321,"ntrials":2000,"binder":0.5905264779346069,"lambda":0.4,"maxdim":256,"sample":1,"seed":1295,"binder_std_of_trials":0.09333882789821982}