{"ntrials_completed":2000,"chunk4":50000,"S4_bar":0.5392695451275222,"lambda_x":0.46,"S2_bar":0.6166870522193271,"L":12,"lambda_zz":0.54,"cutoff":1.0e-12,"out_prefix":"L12_lam0.46_s2","binder_mean_of_trials":0.510645629571358,"ntrials":2000,"binder":0.5273333297959562,"lambda":0.46,"maxdim":256,"sample":2,"seed":1299,"binder_std_of_trials":0.10388651690309983}