{"ntrials_completed":2000,"chunk4":50000,"S4_bar":0.0878415551116089,"lambda_x":0.8,"S2_bar":0.18561934391581927,"L":12,"lambda_zz":0.2,"cutoff":1.0e-12,"out_prefix":"L12_lam0.8_s3","binder_mean_of_trials":0.15047578209047907,"ntrials":2000,"binder":0.15016953759070129,"lambda":0.8,"maxdim":256,"sample":3,"seed":1333,"binder_std_of_trials":0.012346557951927857}