{"ntrials_completed":2000,"chunk4":50000,"S4_bar":0.2574682823832272,"lambda_x":0.6,"S2_bar":0.36185259792040997,"L":12,"lambda_zz":0.4,"cutoff":1.0e-12,"out_prefix":"L12_lam0.6_s3","binder_mean_of_trials":0.33987413408504336,"ntrials":2000,"binder":0.3445507194971563,"lambda":0.6,"maxdim":256,"sample":3,"seed":1327,"binder_std_of_trials":0.07199472031931793}