{"ntrials_completed":2000,"chunk4":50000,"S4_bar":0.49714527691637234,"lambda_x":0.48,"S2_bar":0.5784285022748259,"L":12,"lambda_zz":0.52,"cutoff":1.0e-12,"out_prefix":"L12_lam0.48_s2","binder_mean_of_trials":0.4879769123253112,"ntrials":2000,"binder":0.5047064260205367,"lambda":0.48,"maxdim":256,"sample":2,"seed":1305,"binder_std_of_trials":0.10462113822148086}