{"ntrials_completed":2000,"chunk4":50000,"S4_bar":0.4767695738066095,"lambda_x":0.49,"S2_bar":0.5617923245117253,"L":12,"lambda_zz":0.51,"cutoff":1.0e-12,"out_prefix":"L12_lam0.49_s1","binder_mean_of_trials":0.48107865418524415,"ntrials":2000,"binder":0.4964580300139524,"lambda":0.49,"maxdim":256,"sample":1,"seed":1307,"binder_std_of_trials":0.1012774012926028}