{"ntrials_completed":2000,"chunk4":50000,"S4_bar":0.14521569474409243,"lambda_x":0.7,"S2_bar":0.2503100132292701,"L":12,"lambda_zz":0.3,"cutoff":1.0e-12,"out_prefix":"L12_lam0.7_s3","binder_mean_of_trials":0.2277555477197105,"ntrials":2000,"binder":0.2274335293090063,"lambda":0.7,"maxdim":256,"sample":3,"seed":1330,"binder_std_of_trials":0.03668070508494451}