{"ntrials_completed":2000,"chunk4":500,"S4_bar":0.3212517965088704,"lambda_x":0.51,"S2_bar":0.42943508166710764,"L":16,"lambda_zz":0.49,"cutoff":1.0e-6,"out_prefix":"L16_lam0.51_s1","binder_mean_of_trials":0.407795147817628,"ntrials":2000,"binder":0.41933015926505923,"lambda":0.51,"maxdim":8,"sample":1,"seed":1364,"binder_std_of_trials":0.10627127568545144}