{"ntrials_completed":2000,"chunk4":500,"S4_bar":0.977929875485903,"lambda_x":0.2,"S2_bar":0.9848322111817785,"L":16,"lambda_zz":0.8,"cutoff":1.0e-6,"out_prefix":"L16_lam0.2_s3","binder_mean_of_trials":0.663658911240819,"ntrials":2000,"binder":0.6639050634078354,"lambda":0.2,"maxdim":8,"sample":3,"seed":1342,"binder_std_of_trials":0.014368332472148566}