{"ntrials_completed":2000,"chunk4":500,"S4_bar":0.43030754237086044,"lambda_x":0.47,"S2_bar":0.529915740093018,"L":16,"lambda_zz":0.53,"cutoff":1.0e-6,"out_prefix":"L16_lam0.47_s2","binder_mean_of_trials":0.47318590185751014,"ntrials":2000,"binder":0.48920802608854086,"lambda":0.47,"maxdim":8,"sample":2,"seed":1353,"binder_std_of_trials":0.11183256321568347}