{"ntrials_completed":2000,"chunk4":500,"S4_bar":0.8801250320736564,"lambda_x":0.3,"S2_bar":0.9123180551937703,"L":16,"lambda_zz":0.7,"cutoff":1.0e-6,"out_prefix":"L16_lam0.3_s1","binder_mean_of_trials":0.6446522461230783,"ntrials":2000,"binder":0.6475231661340244,"lambda":0.3,"maxdim":8,"sample":1,"seed":1343,"binder_std_of_trials":0.0456111380144932}