{"ntrials_completed":2000,"chunk4":500,"S4_bar":0.9982476984782629,"lambda_x":0.1,"S2_bar":0.9988321039787916,"L":16,"lambda_zz":0.9,"cutoff":1.0e-6,"out_prefix":"L16_lam0.1_s1","binder_mean_of_trials":0.6664685642526267,"ntrials":2000,"binder":0.6664721704493848,"lambda":0.1,"maxdim":8,"sample":1,"seed":1337,"binder_std_of_trials":0.002586214593002322}