{"ntrials_completed":2000,"chunk4":500,"S4_bar":0.32496671868958726,"lambda_x":0.51,"S2_bar":0.43274795194752164,"L":16,"lambda_zz":0.49,"cutoff":1.0e-6,"out_prefix":"L16_lam0.51_s3","binder_mean_of_trials":0.4092436912783599,"ntrials":2000,"binder":0.4215742902964612,"lambda":0.51,"maxdim":8,"sample":3,"seed":1366,"binder_std_of_trials":0.10786778079209358}