{"ntrials_completed":2000,"chunk4":500,"S4_bar":0.8879720897136387,"lambda_x":0.3,"S2_bar":0.9179140898605883,"L":16,"lambda_zz":0.7,"cutoff":1.0e-6,"out_prefix":"L16_lam0.3_s3","binder_mean_of_trials":0.6457226552463371,"ntrials":2000,"binder":0.6487033662819743,"lambda":0.3,"maxdim":8,"sample":3,"seed":1345,"binder_std_of_trials":0.04563741038966126}