{"ntrials_completed":2000,"chunk4":500,"S4_bar":0.34690036245541844,"lambda_x":0.5,"S2_bar":0.4543404060882041,"L":16,"lambda_zz":0.5,"cutoff":1.0e-6,"out_prefix":"L16_lam0.5_s3","binder_mean_of_trials":0.4267217199017063,"ntrials":2000,"binder":0.43982880204278774,"lambda":0.5,"maxdim":8,"sample":3,"seed":1363,"binder_std_of_trials":0.10832260490560511}