{"ntrials_completed":2000,"chunk4":500,"S4_bar":0.6324330748190348,"lambda_x":0.4,"S2_bar":0.7086465892113193,"L":16,"lambda_zz":0.6,"cutoff":1.0e-6,"out_prefix":"L16_lam0.4_s2","binder_mean_of_trials":0.5662841120141258,"ntrials":2000,"binder":0.5802082324885267,"lambda":0.4,"maxdim":8,"sample":2,"seed":1347,"binder_std_of_trials":0.09909866583717068}