{"ntrials_completed":2000,"chunk4":500,"S4_bar":0.16596842344171325,"lambda_x":0.6,"S2_bar":0.27675713134919966,"L":16,"lambda_zz":0.4,"cutoff":1.0e-6,"out_prefix":"L16_lam0.6_s2","binder_mean_of_trials":0.27701190808817444,"ntrials":2000,"binder":0.27771836398497307,"lambda":0.6,"maxdim":8,"sample":2,"seed":1377,"binder_std_of_trials":0.07188182465399541}