{"ntrials_completed":2000,"chunk4":500,"S4_bar":0.16641171985846712,"lambda_x":0.6,"S2_bar":0.2772800723697052,"L":16,"lambda_zz":0.4,"cutoff":1.0e-6,"out_prefix":"L16_lam0.6_s3","binder_mean_of_trials":0.27764608218613374,"ntrials":2000,"binder":0.2785182718289517,"lambda":0.6,"maxdim":8,"sample":3,"seed":1378,"binder_std_of_trials":0.07204517085581823}