{"ntrials_completed":2000,"chunk4":500,"S4_bar":0.4581847403294878,"lambda_x":0.46,"S2_bar":0.5551374118550993,"L":16,"lambda_zz":0.54,"cutoff":1.0e-6,"out_prefix":"L16_lam0.46_s2","binder_mean_of_trials":0.48731652943276843,"ntrials":2000,"binder":0.5044147481267547,"lambda":0.46,"maxdim":8,"sample":2,"seed":1350,"binder_std_of_trials":0.11368952964262379}