{"ntrials_completed":2000,"chunk4":500,"S4_bar":0.08255122743679313,"lambda_x":0.7,"S2_bar":0.18189395289003163,"L":16,"lambda_zz":0.3,"cutoff":1.0e-6,"out_prefix":"L16_lam0.7_s1","binder_mean_of_trials":0.17017808264203357,"ntrials":2000,"binder":0.16830180642191372,"lambda":0.7,"maxdim":8,"sample":1,"seed":1379,"binder_std_of_trials":0.031451560530082724}