{"ntrials_completed":2000,"chunk4":500,"S4_bar":0.3207130288709535,"lambda_x":0.51,"S2_bar":0.42887085386207424,"L":16,"lambda_zz":0.49,"cutoff":1.0e-6,"out_prefix":"L16_lam0.51_s2","binder_mean_of_trials":0.4070769986522897,"ntrials":2000,"binder":0.4187776800327344,"lambda":0.51,"maxdim":8,"sample":2,"seed":1365,"binder_std_of_trials":0.106263630895973}