{"ntrials_completed":2000,"chunk4":500,"S4_bar":0.2589470159601892,"lambda_x":0.54,"S2_bar":0.37006014081682054,"L":16,"lambda_zz":0.46,"cutoff":1.0e-6,"out_prefix":"L16_lam0.54_s2","binder_mean_of_trials":0.3620912801785922,"ntrials":2000,"binder":0.36970329544487646,"lambda":0.54,"maxdim":8,"sample":2,"seed":1374,"binder_std_of_trials":0.09655289428566098}