{"ntrials_completed":2000,"chunk4":500,"S4_bar":0.4240067379089585,"lambda_x":0.47,"S2_bar":0.5248403976636533,"L":16,"lambda_zz":0.53,"cutoff":1.0e-6,"out_prefix":"L16_lam0.47_s3","binder_mean_of_trials":0.47027814979800486,"ntrials":2000,"binder":0.4869059345299419,"lambda":0.47,"maxdim":8,"sample":3,"seed":1354,"binder_std_of_trials":0.11371980447584311}