{"ntrials_completed":2000,"chunk4":500,"S4_bar":0.4228762786500468,"lambda_x":0.47,"S2_bar":0.5238433992082236,"L":16,"lambda_zz":0.53,"cutoff":1.0e-6,"out_prefix":"L16_lam0.47_s1","binder_mean_of_trials":0.47044084318131013,"ntrials":2000,"binder":0.48632418634643404,"lambda":0.47,"maxdim":8,"sample":1,"seed":1352,"binder_std_of_trials":0.11249671954704321}