{"ntrials_completed":2000,"chunk4":500,"S4_bar":0.6375682266943938,"lambda_x":0.4,"S2_bar":0.7127111526301066,"L":16,"lambda_zz":0.6,"cutoff":1.0e-6,"out_prefix":"L16_lam0.4_s1","binder_mean_of_trials":0.5679094867969823,"ntrials":2000,"binder":0.581612884637464,"lambda":0.4,"maxdim":8,"sample":1,"seed":1346,"binder_std_of_trials":0.09833976713563639}