{"ntrials_completed":2000,"chunk4":500,"S4_bar":0.2860676909811433,"lambda_x":0.53,"S2_bar":0.3967362127346588,"L":16,"lambda_zz":0.47,"cutoff":1.0e-6,"out_prefix":"L16_lam0.53_s3","binder_mean_of_trials":0.3847904013371847,"ntrials":2000,"binder":0.3941796334567509,"lambda":0.53,"maxdim":8,"sample":3,"seed":1372,"binder_std_of_trials":0.10099443488682959}