{"ntrials_completed":2000,"chunk4":500,"S4_bar":0.45233898633488173,"lambda_x":0.46,"S2_bar":0.5496474608533536,"L":16,"lambda_zz":0.54,"cutoff":1.0e-6,"out_prefix":"L16_lam0.46_s3","binder_mean_of_trials":0.4845895059519649,"ntrials":2000,"binder":0.5009152340737741,"lambda":0.46,"maxdim":8,"sample":3,"seed":1351,"binder_std_of_trials":0.11285135745502484}