{"ntrials_completed":2000,"chunk4":500,"S4_bar":0.29561530491159016,"lambda_x":0.52,"S2_bar":0.4049827791643866,"L":16,"lambda_zz":0.48,"cutoff":1.0e-6,"out_prefix":"L16_lam0.52_s2","binder_mean_of_trials":0.38899676213541523,"ntrials":2000,"binder":0.399196370503311,"lambda":0.52,"maxdim":8,"sample":2,"seed":1368,"binder_std_of_trials":0.1039840326140218}