{"ntrials_completed":2000,"chunk4":500,"S4_bar":0.04658794021124568,"lambda_x":0.8,"S2_bar":0.1319081511506464,"L":16,"lambda_zz":0.2,"cutoff":1.0e-6,"out_prefix":"L16_lam0.8_s1","binder_mean_of_trials":0.10810490187446169,"ntrials":2000,"binder":0.10749843099477874,"lambda":0.8,"maxdim":8,"sample":1,"seed":1382,"binder_std_of_trials":0.010394875585641538}