{"ntrials_completed":2000,"chunk4":500,"S4_bar":0.3683387720480588,"lambda_x":0.49,"S2_bar":0.473289587768593,"L":16,"lambda_zz":0.51,"cutoff":1.0e-6,"out_prefix":"L16_lam0.49_s3","binder_mean_of_trials":0.4374771566695161,"ntrials":2000,"binder":0.4518842510727389,"lambda":0.49,"maxdim":8,"sample":3,"seed":1360,"binder_std_of_trials":0.11081108316337451}