{"ntrials_completed":2000,"chunk4":500,"S4_bar":0.40395071616753797,"lambda_x":0.48,"S2_bar":0.506457535311021,"L":16,"lambda_zz":0.52,"cutoff":1.0e-6,"out_prefix":"L16_lam0.48_s3","binder_mean_of_trials":0.4596768710521693,"ntrials":2000,"binder":0.4750462367498829,"lambda":0.48,"maxdim":8,"sample":3,"seed":1357,"binder_std_of_trials":0.11192297721175254}