{"ntrials_completed":2000,"chunk4":500,"S4_bar":0.16534659207106364,"lambda_x":0.6,"S2_bar":0.2757448153650091,"L":16,"lambda_zz":0.4,"cutoff":1.0e-6,"out_prefix":"L16_lam0.6_s1","binder_mean_of_trials":0.2747051292903036,"ntrials":2000,"binder":0.2751314079494761,"lambda":0.6,"maxdim":8,"sample":1,"seed":1376,"binder_std_of_trials":0.07254261511248834}