{"ntrials_completed":2000,"chunk4":500,"S4_bar":0.37685621186728946,"lambda_x":0.49,"S2_bar":0.4815938683127935,"L":16,"lambda_zz":0.51,"cutoff":1.0e-6,"out_prefix":"L16_lam0.49_s1","binder_mean_of_trials":0.443555261141265,"ntrials":2000,"binder":0.4583827023727205,"lambda":0.49,"maxdim":8,"sample":1,"seed":1358,"binder_std_of_trials":0.11160534458728963}