{"ntrials_completed":2000,"chunk4":500,"S4_bar":0.2974105160863956,"lambda_x":0.52,"S2_bar":0.4065951027862459,"L":16,"lambda_zz":0.48,"cutoff":1.0e-6,"out_prefix":"L16_lam0.52_s3","binder_mean_of_trials":0.39053538433192225,"ntrials":2000,"binder":0.4003321316881121,"lambda":0.52,"maxdim":8,"sample":3,"seed":1369,"binder_std_of_trials":0.10162450636837077}