{"ntrials_completed":2000,"chunk4":500,"S4_bar":0.37336491687040935,"lambda_x":0.49,"S2_bar":0.4792760991796341,"L":16,"lambda_zz":0.51,"cutoff":1.0e-6,"out_prefix":"L16_lam0.49_s2","binder_mean_of_trials":0.4433658371341414,"ntrials":2000,"binder":0.4581978692059625,"lambda":0.49,"maxdim":8,"sample":2,"seed":1359,"binder_std_of_trials":0.1109566699156178}