{"ntrials_completed":2000,"chunk4":500,"S4_bar":0.031938792379803474,"lambda_x":0.9,"S2_bar":0.10736109535047952,"L":16,"lambda_zz":0.1,"cutoff":1.0e-6,"out_prefix":"L16_lam0.9_s3","binder_mean_of_trials":0.07638106232156155,"ntrials":2000,"binder":0.07635864642255852,"lambda":0.9,"maxdim":8,"sample":3,"seed":1387,"binder_std_of_trials":0.0016811760170235403}