{"ntrials_completed":2000,"chunk4":500,"S4_bar":0.3483590710095553,"lambda_x":0.5,"S2_bar":0.4547193208643504,"L":16,"lambda_zz":0.5,"cutoff":1.0e-6,"out_prefix":"L16_lam0.5_s2","binder_mean_of_trials":0.42518522821204746,"ntrials":2000,"binder":0.43841040360761585,"lambda":0.5,"maxdim":8,"sample":2,"seed":1362,"binder_std_of_trials":0.10930091451922355}