{"ntrials_completed":2000,"chunk4":500,"S4_bar":0.30345242599679684,"lambda_x":0.52,"S2_bar":0.4135013568862888,"L":16,"lambda_zz":0.48,"cutoff":1.0e-6,"out_prefix":"L16_lam0.52_s1","binder_mean_of_trials":0.39733658597653837,"ntrials":2000,"binder":0.4084172782675416,"lambda":0.52,"maxdim":8,"sample":1,"seed":1367,"binder_std_of_trials":0.10486580809566394}