{"ntrials_completed":2000,"chunk4":500,"S4_bar":0.046568101651321046,"lambda_x":0.8,"S2_bar":0.13187244069582443,"L":16,"lambda_zz":0.2,"cutoff":1.0e-6,"out_prefix":"L16_lam0.8_s2","binder_mean_of_trials":0.10804634725347108,"ntrials":2000,"binder":0.1073952549850885,"lambda":0.8,"maxdim":8,"sample":2,"seed":1383,"binder_std_of_trials":0.011322132459983186}