{"ntrials_completed":2000,"chunk4":500,"S4_bar":0.031938625216961565,"lambda_x":0.9,"S2_bar":0.10736078767799442,"L":16,"lambda_zz":0.1,"cutoff":1.0e-6,"out_prefix":"L16_lam0.9_s2","binder_mean_of_trials":0.07637313134936144,"ntrials":2000,"binder":0.07635818673545525,"lambda":0.9,"maxdim":8,"sample":2,"seed":1386,"binder_std_of_trials":0.0008796274897703995}