{"ntrials_completed":2000,"chunk4":500,"S4_bar":0.28162088759749176,"lambda_x":0.53,"S2_bar":0.39214689489674165,"L":16,"lambda_zz":0.47,"cutoff":1.0e-6,"out_prefix":"L16_lam0.53_s2","binder_mean_of_trials":0.3803864780957751,"ntrials":2000,"binder":0.3895556939638395,"lambda":0.53,"maxdim":8,"sample":2,"seed":1371,"binder_std_of_trials":0.10066531061868685}