{"ntrials_completed":2000,"chunk4":500,"S4_bar":0.08206433812165442,"lambda_x":0.7,"S2_bar":0.18128102837242782,"L":16,"lambda_zz":0.3,"cutoff":1.0e-6,"out_prefix":"L16_lam0.7_s2","binder_mean_of_trials":0.1693918804543647,"ntrials":2000,"binder":0.16760683778247298,"lambda":0.7,"maxdim":8,"sample":2,"seed":1380,"binder_std_of_trials":0.03266399300468751}