{"ntrials_completed":2000,"chunk4":500,"S4_bar":0.9757906901713895,"lambda_x":0.2,"S2_bar":0.9832854054954898,"L":16,"lambda_zz":0.8,"cutoff":1.0e-6,"out_prefix":"L16_lam0.2_s1","binder_mean_of_trials":0.6633276403379204,"ntrials":2000,"binder":0.6635843202956648,"lambda":0.2,"maxdim":8,"sample":1,"seed":1340,"binder_std_of_trials":0.01466423688688204}