{"ntrials_completed":2000,"chunk4":500,"S4_bar":0.34247907945731043,"lambda_x":0.5,"S2_bar":0.4488260826596672,"L":16,"lambda_zz":0.5,"cutoff":1.0e-6,"out_prefix":"L16_lam0.5_s1","binder_mean_of_trials":0.42035989270030655,"ntrials":2000,"binder":0.43329555583331825,"lambda":0.5,"maxdim":8,"sample":1,"seed":1361,"binder_std_of_trials":0.10848609310950476}