{"ntrials_completed":2000,"chunk4":500,"S4_bar":0.3936630440148117,"lambda_x":0.48,"S2_bar":0.49701919184968607,"L":16,"lambda_zz":0.52,"cutoff":1.0e-6,"out_prefix":"L16_lam0.48_s1","binder_mean_of_trials":0.45414233657265923,"ntrials":2000,"binder":0.46880121389578433,"lambda":0.48,"maxdim":8,"sample":1,"seed":1355,"binder_std_of_trials":0.10982463595050944}