{"ntrials_completed":2000,"chunk4":500,"S4_bar":0.08210609810242715,"lambda_x":0.7,"S2_bar":0.18130870850488684,"L":16,"lambda_zz":0.3,"cutoff":1.0e-6,"out_prefix":"L16_lam0.7_s3","binder_mean_of_trials":0.16930448750704874,"ntrials":2000,"binder":0.16743752926789646,"lambda":0.7,"maxdim":8,"sample":3,"seed":1381,"binder_std_of_trials":0.031071364658471243}