{"ntrials_completed":2000,"chunk4":500,"S4_bar":0.25868423663661877,"lambda_x":0.54,"S2_bar":0.3701851291346228,"L":16,"lambda_zz":0.46,"cutoff":1.0e-6,"out_prefix":"L16_lam0.54_s3","binder_mean_of_trials":0.36305402891897975,"ntrials":2000,"binder":0.370768039964663,"lambda":0.54,"maxdim":8,"sample":3,"seed":1375,"binder_std_of_trials":0.09688755031324933}