{"ntrials_completed":2000,"chunk4":500,"S4_bar":0.39429367589518816,"lambda_x":0.48,"S2_bar":0.49742728831239685,"L":16,"lambda_zz":0.52,"cutoff":1.0e-6,"out_prefix":"L16_lam0.48_s2","binder_mean_of_trials":0.45321170656359816,"ntrials":2000,"binder":0.46882289978728187,"lambda":0.48,"maxdim":8,"sample":2,"seed":1356,"binder_std_of_trials":0.1129444186472893}