{"ntrials_completed":2000,"chunk4":500,"S4_bar":0.4526641511952289,"lambda_x":0.46,"S2_bar":0.5499131403816974,"L":16,"lambda_zz":0.54,"cutoff":1.0e-6,"out_prefix":"L16_lam0.46_s1","binder_mean_of_trials":0.48418205310604034,"ntrials":2000,"binder":0.5010389416273147,"lambda":0.46,"maxdim":8,"sample":1,"seed":1349,"binder_std_of_trials":0.11342404316833422}