{"ntrials_completed":2000,"chunk4":500,"S4_bar":0.8811531636908555,"lambda_x":0.3,"S2_bar":0.9129127845022756,"L":16,"lambda_zz":0.7,"cutoff":1.0e-6,"out_prefix":"L16_lam0.3_s2","binder_mean_of_trials":0.6448079951196326,"ntrials":2000,"binder":0.6475710531494607,"lambda":0.3,"maxdim":8,"sample":2,"seed":1344,"binder_std_of_trials":0.044363537701868315}