{"ntrials_completed":2000,"chunk4":500,"S4_bar":0.03194057146477889,"lambda_x":0.9,"S2_bar":0.10736419858073842,"L":16,"lambda_zz":0.1,"cutoff":1.0e-6,"out_prefix":"L16_lam0.9_s1","binder_mean_of_trials":0.07637771272536972,"ntrials":2000,"binder":0.0763605925135169,"lambda":0.9,"maxdim":8,"sample":1,"seed":1385,"binder_std_of_trials":0.0011277454328063538}