{"ntrials_completed":2000,"chunk4":500,"S4_bar":0.2746012118403969,"lambda_x":0.53,"S2_bar":0.38539477563561153,"L":16,"lambda_zz":0.47,"cutoff":1.0e-6,"out_prefix":"L16_lam0.53_s1","binder_mean_of_trials":0.3748588728909619,"ntrials":2000,"binder":0.38373209768632155,"lambda":0.53,"maxdim":8,"sample":1,"seed":1370,"binder_std_of_trials":0.10041864612156048}