{"ntrials_completed":2000,"chunk4":500,"S4_bar":0.6356649072059302,"lambda_x":0.4,"S2_bar":0.7122590352131308,"L":16,"lambda_zz":0.6,"cutoff":1.0e-6,"out_prefix":"L16_lam0.4_s3","binder_mean_of_trials":0.5689803024756284,"ntrials":2000,"binder":0.5823321494139948,"lambda":0.4,"maxdim":8,"sample":3,"seed":1348,"binder_std_of_trials":0.09708434916532171}