{"ntrials_completed":2000,"chunk4":500,"S4_bar":0.9789660758888482,"lambda_x":0.2,"S2_bar":0.9857165317470965,"L":16,"lambda_zz":0.8,"cutoff":1.0e-6,"out_prefix":"L16_lam0.2_s2","binder_mean_of_trials":0.6639572394351865,"ntrials":2000,"binder":0.6641523551426952,"lambda":0.2,"maxdim":8,"sample":2,"seed":1341,"binder_std_of_trials":0.012991472640218242}