{"ntrials_completed":2000,"chunk4":500,"S4_bar":0.9985289629521101,"lambda_x":0.1,"S2_bar":0.9989861617378483,"L":16,"lambda_zz":0.9,"cutoff":1.0e-6,"out_prefix":"L16_lam0.1_s3","binder_mean_of_trials":0.666470762203265,"ntrials":2000,"binder":0.6664810866917961,"lambda":0.1,"maxdim":8,"sample":3,"seed":1339,"binder_std_of_trials":0.002861884988282863}