{"ntrials_completed":2000,"chunk4":500,"S4_bar":0.9992816701366969,"lambda_x":0.1,"S2_bar":0.999559740262285,"L":16,"lambda_zz":0.9,"cutoff":1.0e-6,"out_prefix":"L16_lam0.1_s2","binder_mean_of_trials":0.6666131787043171,"ntrials":2000,"binder":0.666612620493938,"lambda":0.1,"maxdim":8,"sample":2,"seed":1338,"binder_std_of_trials":0.000290079900070794}