{"ntrials_completed":2000,"chunk4":500,"S4_bar":0.04656502733379084,"lambda_x":0.8,"S2_bar":0.13187304685796047,"L":16,"lambda_zz":0.2,"cutoff":1.0e-6,"out_prefix":"L16_lam0.8_s3","binder_mean_of_trials":0.10805077869962651,"ntrials":2000,"binder":0.10746238792862217,"lambda":0.8,"maxdim":8,"sample":3,"seed":1384,"binder_std_of_trials":0.01130120217717973}