{"ntrials_completed":2000,"chunk4":500,"S4_bar":0.2619299738772439,"lambda_x":0.54,"S2_bar":0.37319768575786855,"L":16,"lambda_zz":0.46,"cutoff":1.0e-6,"out_prefix":"L16_lam0.54_s1","binder_mean_of_trials":0.3650071844671052,"ntrials":2000,"binder":0.3731176231510692,"lambda":0.54,"maxdim":8,"sample":1,"seed":1373,"binder_std_of_trials":0.09800594796066579}