{
  "ntrials_completed": 2000,
  "S4_bar": 0.9851149963082532,
  "measurement_type": "forced_plus_one",
  "success": true,
  "lambda_x": 0.3,
  "S2_bar": 0.9899079613182596,
  "L": 8,
  "lambda_zz": 0.7,
  "cutoff": 1.0e-12,
  "binder_mean_of_trials": 0.6648987549172957,
  "binder_parameter": 0.6648987549172953,
  "ntrials": 2000,
  "lambda": 0.3,
  "maxdim": 256,
  "sample": 3,
  "binder_std_of_trials": 3.3315020535243255e-16,
  "seed": 1243
}
