{
  "ntrials_completed": 2000,
  "S4_bar": 0.6914468568277218,
  "measurement_type": "forced_plus_one",
  "success": true,
  "lambda_x": 0.47,
  "S2_bar": 0.7512531494845571,
  "L": 8,
  "lambda_zz": 0.53,
  "cutoff": 1.0e-12,
  "binder_mean_of_trials": 0.5916195525786909,
  "binder_parameter": 0.5916195525786898,
  "ntrials": 2000,
  "lambda": 0.47,
  "maxdim": 256,
  "sample": 3,
  "binder_std_of_trials": 4.442002738032434e-16,
  "seed": 1252
}
