{
  "ntrials_completed": 2000,
  "S4_bar": 0.6489279381878539,
  "measurement_type": "forced_plus_one",
  "success": true,
  "lambda_x": 0.48,
  "S2_bar": 0.7146286638260194,
  "L": 8,
  "lambda_zz": 0.52,
  "cutoff": 1.0e-12,
  "binder_mean_of_trials": 0.5764405713230981,
  "binder_parameter": 0.5764405713230987,
  "ntrials": 2000,
  "lambda": 0.48,
  "maxdim": 256,
  "sample": 2,
  "binder_std_of_trials": 1.1105006845081086e-16,
  "seed": 1254
}
