{
  "ntrials_completed": 2000,
  "S4_bar": 0.9999136589895288,
  "measurement_type": "forced_plus_one",
  "success": true,
  "lambda_x": 0.1,
  "S2_bar": 0.9999445275970589,
  "L": 8,
  "lambda_zz": 0.9,
  "cutoff": 1.0e-12,
  "binder_mean_of_trials": 0.6666584655174083,
  "binder_parameter": 0.6666584655174091,
  "ntrials": 2000,
  "lambda": 0.1,
  "maxdim": 256,
  "sample": 3,
  "binder_std_of_trials": 1.1105006845081086e-16,
  "seed": 1237
}
