{
  "ntrials_completed": 2000,
  "S4_bar": 0.24502872907984335,
  "measurement_type": "forced_plus_one",
  "success": true,
  "lambda_x": 0.6,
  "S2_bar": 0.3512994581644402,
  "L": 8,
  "lambda_zz": 0.4,
  "cutoff": 1.0e-12,
  "binder_mean_of_trials": 0.33817862005109284,
  "binder_parameter": 0.33817862005109556,
  "ntrials": 2000,
  "lambda": 0.6,
  "maxdim": 256,
  "sample": 1,
  "binder_std_of_trials": 3.8867523957783794e-16,
  "seed": 1274
}
