{
  "ntrials_completed": 2000,
  "S4_bar": 0.44117387526327556,
  "measurement_type": "forced_plus_one",
  "success": true,
  "lambda_x": 0.53,
  "S2_bar": 0.5318072527614633,
  "L": 8,
  "lambda_zz": 0.47,
  "cutoff": 1.0e-12,
  "binder_mean_of_trials": 0.48002792495140406,
  "binder_parameter": 0.48002792495140556,
  "ntrials": 2000,
  "lambda": 0.53,
  "maxdim": 256,
  "sample": 2,
  "binder_std_of_trials": 5.552503422540543e-17,
  "seed": 1269
}
