{
  "ntrials_completed": 2000,
  "S4_bar": 0.5200699731855384,
  "measurement_type": "forced_plus_one",
  "success": true,
  "lambda_x": 0.51,
  "S2_bar": 0.601989549675104,
  "L": 8,
  "lambda_zz": 0.49,
  "cutoff": 1.0e-12,
  "binder_mean_of_trials": 0.521631448326069,
  "binder_parameter": 0.5216314483260679,
  "ntrials": 2000,
  "lambda": 0.51,
  "maxdim": 256,
  "sample": 1,
  "binder_std_of_trials": 7.773504791556759e-16,
  "seed": 1262
}
