{
  "ntrials_completed": 2000,
  "S4_bar": 0.11937477994186366,
  "measurement_type": "forced_plus_one",
  "success": true,
  "lambda_x": 0.7,
  "S2_bar": 0.22355027544592507,
  "L": 8,
  "lambda_zz": 0.3,
  "cutoff": 1.0e-12,
  "binder_mean_of_trials": 0.2037656476378745,
  "binder_parameter": 0.20376564763787308,
  "ntrials": 2000,
  "lambda": 0.7,
  "maxdim": 256,
  "sample": 1,
  "binder_std_of_trials": 3.0538768823972985e-16,
  "seed": 1277
}
