{
  "ntrials_completed": 2000,
  "S4_bar": 0.985114996308254,
  "measurement_type": "forced_plus_one",
  "success": true,
  "lambda_x": 0.3,
  "S2_bar": 0.9899079613182612,
  "L": 8,
  "lambda_zz": 0.7,
  "cutoff": 1.0e-12,
  "binder_mean_of_trials": 0.6648987549172964,
  "binder_parameter": 0.664898754917296,
  "ntrials": 2000,
  "lambda": 0.3,
  "maxdim": 256,
  "sample": 2,
  "binder_std_of_trials": 4.442002738032434e-16,
  "seed": 1242
}
