{
  "ntrials_completed": 2000,
  "S4_bar": 0.9045341970081601,
  "measurement_type": "forced_plus_one",
  "success": true,
  "lambda_x": 0.4,
  "S2_bar": 0.9287969365437753,
  "L": 8,
  "lambda_zz": 0.6,
  "cutoff": 1.0e-12,
  "binder_mean_of_trials": 0.6504879227441637,
  "binder_parameter": 0.6504879227441642,
  "ntrials": 2000,
  "lambda": 0.4,
  "maxdim": 256,
  "sample": 3,
  "binder_std_of_trials": 0.0,
  "seed": 1246
}
