{
  "ntrials_completed": 2000,
  "S4_bar": 0.9981093207660069,
  "measurement_type": "forced_plus_one",
  "success": true,
  "lambda_x": 0.2,
  "S2_bar": 0.9987672065566834,
  "L": 8,
  "lambda_zz": 0.8,
  "cutoff": 1.0e-12,
  "binder_mean_of_trials": 0.666475065256946,
  "binder_parameter": 0.6664750652569467,
  "ntrials": 2000,
  "lambda": 0.2,
  "maxdim": 256,
  "sample": 2,
  "binder_std_of_trials": 5.552503422540542e-16,
  "seed": 1239
}
