{
  "ntrials_completed": 2000,
  "S4_bar": 0.048692733055842666,
  "measurement_type": "forced_plus_one",
  "success": true,
  "lambda_x": 0.9,
  "S2_bar": 0.13392778245365894,
  "L": 8,
  "lambda_zz": 0.1,
  "cutoff": 1.0e-12,
  "binder_mean_of_trials": 0.09509801481994451,
  "binder_parameter": 0.09509801481994706,
  "ntrials": 2000,
  "lambda": 0.9,
  "maxdim": 256,
  "sample": 3,
  "binder_std_of_trials": 1.1105006845081086e-16,
  "seed": 1285
}
