{
  "ntrials_completed": 2000,
  "S4_bar": 0.40535227235687815,
  "measurement_type": "forced_plus_one",
  "success": true,
  "lambda_x": 0.54,
  "S2_bar": 0.4995921449389877,
  "L": 8,
  "lambda_zz": 0.46,
  "cutoff": 1.0e-12,
  "binder_mean_of_trials": 0.45864749028740914,
  "binder_parameter": 0.45864749028740914,
  "ntrials": 2000,
  "lambda": 0.54,
  "maxdim": 256,
  "sample": 3,
  "binder_std_of_trials": 5.552503422540542e-16,
  "seed": 1273
}
