{
  "ntrials_completed": 2000,
  "S4_bar": 0.06933952322616986,
  "measurement_type": "forced_plus_one",
  "success": true,
  "lambda_x": 0.8,
  "S2_bar": 0.163191961614844,
  "L": 8,
  "lambda_zz": 0.2,
  "cutoff": 1.0e-12,
  "binder_mean_of_trials": 0.13211522284739483,
  "binder_parameter": 0.1321152228473954,
  "ntrials": 2000,
  "lambda": 0.8,
  "maxdim": 256,
  "sample": 2,
  "binder_std_of_trials": 1.3881258556351355e-16,
  "seed": 1281
}
