{
  "ntrials_completed": 2000,
  "S4_bar": 0.3023293781643193,
  "measurement_type": "forced_plus_one",
  "success": true,
  "lambda_x": 0.54,
  "S2_bar": 0.4118129341543826,
  "L": 12,
  "lambda_zz": 0.46,
  "cutoff": 1.0e-12,
  "binder_mean_of_trials": 0.40576376479885573,
  "binder_parameter": 0.4057637647988578,
  "ntrials": 2000,
  "lambda": 0.54,
  "maxdim": 256,
  "sample": 3,
  "binder_std_of_trials": 3.8867523957783794e-16,
  "seed": 1324
}
