{
  "ntrials_completed": 2000,
  "S4_bar": 0.7417783758610619,
  "measurement_type": "forced_plus_one",
  "success": true,
  "lambda_x": 0.46,
  "S2_bar": 0.8039946869176952,
  "L": 12,
  "lambda_zz": 0.54,
  "cutoff": 1.0e-12,
  "binder_mean_of_trials": 0.6174866856827348,
  "binder_parameter": 0.6174866856827361,
  "ntrials": 2000,
  "lambda": 0.46,
  "maxdim": 256,
  "sample": 2,
  "binder_std_of_trials": 2.221001369016217e-16,
  "seed": 1299
}
