{
  "ntrials_completed": 2000,
  "S4_bar": 0.3444059280716448,
  "measurement_type": "forced_plus_one",
  "success": true,
  "lambda_x": 0.53,
  "S2_bar": 0.4514300077529922,
  "L": 12,
  "lambda_zz": 0.47,
  "cutoff": 1.0e-12,
  "binder_mean_of_trials": 0.4366626913780882,
  "binder_parameter": 0.4366626913780899,
  "ntrials": 2000,
  "lambda": 0.53,
  "maxdim": 256,
  "sample": 3,
  "binder_std_of_trials": 5.552503422540542e-16,
  "seed": 1321
}
