{
  "ntrials_completed": 2000,
  "S4_bar": 0.30232937816431843,
  "measurement_type": "forced_plus_one",
  "success": true,
  "lambda_x": 0.54,
  "S2_bar": 0.411812934154381,
  "L": 12,
  "lambda_zz": 0.46,
  "cutoff": 1.0e-12,
  "binder_mean_of_trials": 0.4057637647988556,
  "binder_parameter": 0.4057637647988549,
  "ntrials": 2000,
  "lambda": 0.54,
  "maxdim": 256,
  "sample": 2,
  "binder_std_of_trials": 5.552503422540543e-17,
  "seed": 1323
}
