{
  "ntrials_completed": 2000,
  "S4_bar": 0.9985284190043283,
  "measurement_type": "forced_plus_one",
  "success": true,
  "lambda_x": 0.2,
  "S2_bar": 0.9991188652021276,
  "L": 12,
  "lambda_zz": 0.8,
  "cutoff": 1.0e-12,
  "binder_mean_of_trials": 0.6665698587396486,
  "binder_parameter": 0.666569858739648,
  "ntrials": 2000,
  "lambda": 0.2,
  "maxdim": 256,
  "sample": 3,
  "binder_std_of_trials": 6.663004107048651e-16,
  "seed": 1291
}
