{
  "ntrials_completed": 2000,
  "S4_bar": 0.9999341506024582,
  "measurement_type": "forced_plus_one",
  "success": true,
  "lambda_x": 0.1,
  "S2_bar": 0.9999610200917972,
  "L": 12,
  "lambda_zz": 0.9,
  "cutoff": 1.0e-12,
  "binder_mean_of_trials": 0.66666263005217,
  "binder_parameter": 0.666662630052169,
  "ntrials": 2000,
  "lambda": 0.1,
  "maxdim": 256,
  "sample": 2,
  "binder_std_of_trials": 3.664652258876758e-15,
  "seed": 1287
}
