{
  "ntrials_completed": 2000,
  "S4_bar": 0.022539505704319916,
  "measurement_type": "forced_plus_one",
  "success": true,
  "lambda_x": 0.9,
  "S2_bar": 0.08958210006132197,
  "L": 12,
  "lambda_zz": 0.1,
  "cutoff": 1.0e-12,
  "binder_mean_of_trials": 0.06377409381985501,
  "binder_parameter": 0.06377409381985455,
  "ntrials": 2000,
  "lambda": 0.9,
  "maxdim": 256,
  "sample": 1,
  "binder_std_of_trials": 9.716880989445948e-17,
  "seed": 1334
}
