{
  "ntrials_completed": 2000,
  "S4_bar": 0.5660270800273014,
  "measurement_type": "forced_plus_one",
  "success": true,
  "lambda_x": 0.49,
  "S2_bar": 0.6524166512302253,
  "L": 12,
  "lambda_zz": 0.51,
  "cutoff": 1.0e-12,
  "binder_mean_of_trials": 0.5567325094298133,
  "binder_parameter": 0.5567325094298131,
  "ntrials": 2000,
  "lambda": 0.49,
  "maxdim": 256,
  "sample": 3,
  "binder_std_of_trials": 7.773504791556759e-16,
  "seed": 1309
}
