{
  "ntrials_completed": 2000,
  "S4_bar": 0.3923836878103696,
  "measurement_type": "forced_plus_one",
  "success": true,
  "lambda_x": 0.52,
  "S2_bar": 0.495928203983137,
  "L": 12,
  "lambda_zz": 0.48,
  "cutoff": 1.0e-12,
  "binder_mean_of_trials": 0.46819541874813697,
  "binder_parameter": 0.46819541874813686,
  "ntrials": 2000,
  "lambda": 0.52,
  "maxdim": 256,
  "sample": 3,
  "binder_std_of_trials": 5.552503422540542e-16,
  "seed": 1318
}
