{
  "ntrials_completed": 2000,
  "S4_bar": 0.9999341506024642,
  "measurement_type": "forced_plus_one",
  "success": true,
  "lambda_x": 0.1,
  "S2_bar": 0.9999610200917969,
  "L": 12,
  "lambda_zz": 0.9,
  "cutoff": 1.0e-12,
  "binder_mean_of_trials": 0.6666626300521666,
  "binder_parameter": 0.6666626300521667,
  "ntrials": 2000,
  "lambda": 0.1,
  "maxdim": 256,
  "sample": 1,
  "binder_std_of_trials": 6.663004107048651e-16,
  "seed": 1286
}
