{
  "ntrials_completed": 2000,
  "S4_bar": 0.9881953213786205,
  "measurement_type": "forced_plus_one",
  "success": true,
  "lambda_x": 0.3,
  "S2_bar": 0.9927275315755021,
  "L": 12,
  "lambda_zz": 0.7,
  "cutoff": 1.0e-12,
  "binder_mean_of_trials": 0.6657577041276634,
  "binder_parameter": 0.6657577041276637,
  "ntrials": 2000,
  "lambda": 0.3,
  "maxdim": 256,
  "sample": 3,
  "binder_std_of_trials": 1.1105006845081084e-15,
  "seed": 1294
}
