{
  "ntrials_completed": 2000,
  "S4_bar": 0.4460608746122857,
  "measurement_type": "forced_plus_one",
  "success": true,
  "lambda_x": 0.51,
  "S2_bar": 0.5450084429267046,
  "L": 12,
  "lambda_zz": 0.49,
  "cutoff": 1.0e-12,
  "binder_mean_of_trials": 0.4994281575260926,
  "binder_parameter": 0.49942815752609127,
  "ntrials": 2000,
  "lambda": 0.51,
  "maxdim": 256,
  "sample": 2,
  "binder_std_of_trials": 6.663004107048651e-16,
  "seed": 1314
}
