{
  "ntrials_completed": 2000,
  "S4_bar": 0.3923836878103731,
  "measurement_type": "forced_plus_one",
  "success": true,
  "lambda_x": 0.52,
  "S2_bar": 0.4959282039831378,
  "L": 12,
  "lambda_zz": 0.48,
  "cutoff": 1.0e-12,
  "binder_mean_of_trials": 0.4681954187481344,
  "binder_parameter": 0.46819541874813386,
  "ntrials": 2000,
  "lambda": 0.52,
  "maxdim": 256,
  "sample": 2,
  "binder_std_of_trials": 2.221001369016217e-16,
  "seed": 1317
}
