{
  "ntrials_completed": 2000,
  "S4_bar": 0.1479681065276128,
  "measurement_type": "forced_plus_one",
  "success": true,
  "lambda_x": 0.6,
  "S2_bar": 0.25797981311689855,
  "L": 12,
  "lambda_zz": 0.4,
  "cutoff": 1.0e-12,
  "binder_mean_of_trials": 0.2589023876793258,
  "binder_parameter": 0.25890238767932716,
  "ntrials": 2000,
  "lambda": 0.6,
  "maxdim": 256,
  "sample": 3,
  "binder_std_of_trials": 5.552503422540543e-17,
  "seed": 1327
}
