{
  "ntrials_completed": 2000,
  "S4_bar": 0.6874728692820818,
  "measurement_type": "forced_plus_one",
  "success": true,
  "lambda_x": 0.47,
  "S2_bar": 0.757995219013452,
  "L": 12,
  "lambda_zz": 0.53,
  "cutoff": 1.0e-12,
  "binder_mean_of_trials": 0.6011575492281725,
  "binder_parameter": 0.6011575492281718,
  "ntrials": 2000,
  "lambda": 0.47,
  "maxdim": 256,
  "sample": 3,
  "binder_std_of_trials": 1.1105006845081086e-16,
  "seed": 1303
}
