{
  "ntrials_completed": 2000,
  "S4_bar": 0.3444059280716448,
  "measurement_type": "forced_plus_one",
  "success": true,
  "lambda_x": 0.53,
  "S2_bar": 0.45143000775299047,
  "L": 12,
  "lambda_zz": 0.47,
  "cutoff": 1.0e-12,
  "binder_mean_of_trials": 0.4366626913780856,
  "binder_parameter": 0.43666269137808567,
  "ntrials": 2000,
  "lambda": 0.53,
  "maxdim": 256,
  "sample": 2,
  "binder_std_of_trials": 1.6657510267621627e-16,
  "seed": 1320
}
