{
  "ntrials_completed": 2000,
  "S4_bar": 0.0612607434779795,
  "measurement_type": "forced_plus_one",
  "success": true,
  "lambda_x": 0.7,
  "S2_bar": 0.15426422881091037,
  "L": 12,
  "lambda_zz": 0.3,
  "cutoff": 1.0e-12,
  "binder_mean_of_trials": 0.14191453872405294,
  "binder_parameter": 0.14191453872405513,
  "ntrials": 2000,
  "lambda": 0.7,
  "maxdim": 256,
  "sample": 1,
  "binder_std_of_trials": 8.328755133810814e-17,
  "seed": 1328
}
