{
  "ntrials_completed": 2000,
  "S4_bar": 0.5045308634948353,
  "measurement_type": "forced_plus_one",
  "success": true,
  "lambda_x": 0.5,
  "S2_bar": 0.5977344273763808,
  "L": 12,
  "lambda_zz": 0.5,
  "cutoff": 1.0e-12,
  "binder_mean_of_trials": 0.5292937738445458,
  "binder_parameter": 0.5292937738445445,
  "ntrials": 2000,
  "lambda": 0.5,
  "maxdim": 256,
  "sample": 1,
  "binder_std_of_trials": 3.3315020535243255e-16,
  "seed": 1310
}
